Lift Capacity,Number of floors,Number of lifts,Lift speed,Lift Strategy,Call Strategy,Call Frequency,Lift Stop Time,Usage Rate
15,176,25,15,2,1,142,3,medio
7,99,14,11,0,0,106,2,alto
14,72,8,11,1,0,90,2,alto
15,100,18,12,2,0,117,1,medio
13,135,27,12,0,0,122,1,baixo
7,117,17,14,2,1,190,1,baixo
12,170,31,17,1,1,150,4,medio
6,145,23,11,0,1,109,1,alto
9,163,24,15,1,0,184,2,baixo
13,116,20,14,1,1,63,1,medio
6,108,13,12,2,0,172,2,baixo
6,181,33,14,2,1,32,2,medio
7,151,20,16,1,1,160,4,medio
8,102,16,11,1,0,29,2,baixo
13,159,19,17,0,1,47,3,alto
9,146,18,13,1,0,145,1,medio
12,119,12,11,1,1,77,1,alto
13,149,17,15,1,0,174,2,medio
9,155,27,16,1,1,134,3,alto
15,158,27,13,0,1,149,2,medio
9,106,17,12,0,0,75,3,medio
11,179,22,16,0,1,132,2,alto
11,82,12,11,2,0,104,2,alto
8,101,10,13,1,1,36,2,alto
15,120,15,12,0,0,170,2,baixo
8,199,23,14,0,0,59,2,baixo
5,117,14,10,2,1,165,2,medio
6,128,13,12,1,0,110,1,alto
8,67,8,9,1,1,51,2,alto
12,187,29,16,1,1,86,1,alto
7,104,17,11,1,0,153,2,baixo
10,160,29,15,0,1,172,1,medio
9,103,15,13,1,0,168,1,medio
9,163,29,12,1,1,184,2,medio
8,134,21,14,1,1,163,3,baixo
11,161,17,17,0,0,61,1,alto
15,170,33,15,0,1,112,2,medio
13,69,7,10,0,0,27,1,medio
9,57,10,10,0,1,49,1,baixo
13,107,21,12,1,1,61,3,baixo
7,173,34,16,1,0,176,4,baixo
9,178,24,18,1,1,56,2,medio
9,198,22,13,1,0,110,1,alto
6,134,18,15,2,1,74,2,alto
6,179,30,13,0,1,32,1,alto
12,63,6,9,1,1,26,1,medio
12,132,20,11,1,0,73,2,medio
15,155,25,16,2,1,194,1,medio
10,126,20,14,0,0,118,1,medio
13,117,11,12,1,1,60,3,alto
8,159,25,13,0,1,94,2,alto
14,145,26,14,1,1,186,1,alto
5,78,7,11,2,1,46,1,alto
10,105,11,13,1,1,62,3,alto
10,200,34,18,1,0,134,1,medio
12,53,7,9,0,1,43,1,alto
13,85,10,9,1,1,130,2,medio
8,156,30,17,2,0,157,4,baixo
6,55,10,10,2,0,54,2,alto
12,136,26,14,2,0,190,1,baixo
5,83,14,11,1,1,130,2,baixo
12,184,24,17,0,1,149,2,medio
10,89,13,11,0,1,79,2,alto
6,172,21,15,2,1,98,3,alto
11,88,12,9,2,1,151,2,medio
8,170,25,18,2,1,170,1,alto
10,184,27,13,1,0,194,2,baixo
11,55,11,9,0,1,91,2,medio
11,61,8,9,1,0,198,2,baixo
15,73,11,11,0,1,126,2,medio
5,124,20,15,1,1,159,1,medio
7,124,21,14,1,1,148,2,medio
5,186,29,19,1,1,195,4,medio
5,183,32,16,1,1,49,1,medio
8,73,14,10,2,1,161,1,baixo
6,63,10,10,1,0,103,2,medio
6,82,16,9,1,0,131,2,baixo
11,72,8,9,1,0,36,1,medio
6,148,28,16,1,1,178,2,medio
5,99,18,10,2,0,118,2,baixo
10,51,8,8,2,1,52,2,alto
6,173,19,15,1,1,53,2,medio
9,130,23,14,0,0,57,2,baixo
11,106,10,12,2,0,140,1,alto
6,54,8,9,0,1,75,2,alto
13,174,19,12,2,1,39,1,baixo
7,189,24,14,2,0,177,3,baixo
15,165,31,16,2,1,115,3,alto
13,176,30,16,0,1,122,4,alto
11,61,6,10,2,1,163,1,medio
8,67,7,10,2,0,155,1,alto
12,189,32,19,0,0,102,1,baixo
8,177,20,17,0,1,172,2,alto
10,115,18,14,0,0,135,2,medio
12,71,13,11,0,0,200,1,baixo
11,63,11,9,1,1,73,1,medio
6,177,19,13,0,0,156,1,medio
15,107,16,11,0,0,32,2,baixo
9,126,13,14,0,1,57,1,alto
12,149,20,14,0,1,182,1,medio
11,85,15,9,0,0,183,1,baixo
7,80,8,12,1,0,178,2,medio
10,109,20,11,1,0,65,2,baixo
12,96,12,12,0,0,61,2,alto
13,73,12,11,0,0,190,1,baixo
9,197,28,19,2,1,129,2,alto
5,116,17,10,0,0,178,2,baixo
13,105,20,11,0,1,95,1,medio
13,88,11,9,0,1,198,1,baixo
10,66,11,9,0,0,117,2,baixo
12,83,12,12,2,0,146,2,medio
8,148,25,14,0,0,178,1,baixo
15,182,25,17,2,1,105,1,alto
6,133,26,12,0,1,156,2,alto
14,61,12,11,0,1,109,1,medio
15,59,10,9,2,1,88,1,medio
7,119,22,14,2,1,179,1,medio
15,91,14,10,1,1,37,2,baixo
10,50,9,10,1,0,164,1,baixo
6,175,19,15,0,0,144,3,medio
14,179,23,14,2,0,164,1,baixo
6,128,23,13,1,1,145,3,medio
11,155,23,15,0,0,47,2,baixo
10,68,13,10,0,0,103,2,medio
9,167,29,15,1,1,145,3,medio
13,102,12,12,0,1,41,3,alto
13,142,25,13,0,1,38,3,medio
14,116,16,13,2,1,98,2,alto
12,81,11,12,1,0,99,3,alto
13,74,7,10,2,0,165,2,medio
5,94,17,13,2,1,155,2,medio
7,176,23,13,2,1,97,2,alto
8,189,33,13,2,1,86,1,medio
15,74,10,10,2,1,148,2,medio
12,124,17,14,2,0,166,2,baixo
8,199,28,13,2,1,30,1,baixo
5,62,12,11,0,0,73,1,alto
9,55,10,9,1,0,46,1,baixo
5,83,15,10,1,0,145,1,baixo
10,141,26,13,2,1,91,3,medio
13,133,19,14,2,0,30,2,baixo
8,172,18,12,2,1,83,1,alto
12,148,19,11,1,0,99,1,alto
5,142,20,13,2,1,93,2,alto
11,89,13,9,1,0,36,1,baixo
6,134,15,12,0,0,117,1,alto
15,65,13,11,0,1,73,2,alto
14,150,23,16,0,0,57,1,baixo
9,157,29,13,0,1,179,2,baixo
8,86,11,12,0,1,124,3,alto
15,104,17,12,2,1,107,1,medio
12,130,19,15,0,1,53,2,alto
10,169,16,14,0,1,155,3,medio
7,161,21,16,2,0,118,4,alto
6,160,16,17,1,0,84,2,alto
11,103,14,12,2,1,93,3,alto
14,200,38,15,2,1,174,3,baixo
8,59,6,10,2,0,25,2,medio
9,143,23,16,0,1,172,3,medio
11,105,10,12,2,0,107,3,alto
13,129,22,11,0,0,145,2,baixo
11,198,20,13,1,1,174,1,medio
9,99,19,12,2,0,151,2,baixo
8,134,14,15,1,1,165,1,alto
15,123,21,15,1,1,114,3,medio
10,166,25,12,0,0,145,3,baixo
15,116,18,10,0,0,195,1,baixo
11,154,16,13,2,1,107,2,alto
10,147,16,16,0,1,96,3,alto
8,198,28,13,1,1,197,1,medio
6,144,26,11,0,1,167,2,alto
6,198,19,14,2,1,87,3,alto
12,129,20,14,0,0,194,3,baixo
13,79,7,9,1,0,98,1,alto
6,127,16,12,1,0,33,3,medio
15,62,8,9,1,0,156,2,medio
11,130,25,15,0,0,42,1,baixo
10,177,33,12,1,0,37,1,baixo
15,61,7,11,2,1,111,2,alto
10,163,31,13,2,1,36,2,baixo
13,190,30,14,2,0,88,3,baixo
15,160,32,16,0,0,112,2,baixo
15,153,27,15,0,0,68,2,baixo
9,150,18,13,2,1,137,2,medio
12,67,10,11,0,1,150,1,medio
13,70,8,10,0,1,37,1,alto
10,117,21,12,1,0,83,2,baixo
13,87,13,11,2,0,101,2,alto
9,92,12,10,2,0,156,1,baixo
11,93,12,10,2,0,81,2,alto
15,175,18,13,0,0,193,3,medio
15,73,7,10,0,1,152,1,alto
7,187,21,17,0,1,45,3,alto
14,186,23,18,2,1,58,2,alto
9,200,22,19,1,1,199,3,alto
15,97,18,10,0,0,112,2,baixo
5,132,16,12,0,0,117,2,medio
13,171,28,18,2,1,43,4,medio
15,85,9,9,2,1,65,1,alto
14,158,27,17,1,0,130,2,medio
14,199,31,16,0,1,81,2,medio
8,59,8,8,1,1,176,2,baixo
10,50,8,8,1,0,176,2,baixo
6,79,10,9,1,1,87,2,alto
7,97,17,12,0,0,85,2,alto
12,182,20,15,1,0,155,2,medio
11,145,20,15,0,0,65,2,medio
6,90,13,12,1,1,132,1,medio
9,139,16,13,2,0,71,2,alto
12,54,6,9,2,0,58,1,alto
10,55,11,8,2,1,114,1,baixo
6,58,8,10,1,0,187,1,baixo
15,57,9,10,1,0,48,1,alto
6,144,22,16,2,0,157,3,baixo
10,148,24,16,2,1,91,3,medio
7,130,24,12,1,1,46,1,baixo
14,171,31,13,2,1,26,2,medio
8,68,12,9,1,0,118,1,medio
14,82,16,9,2,0,99,1,baixo
12,170,23,13,2,0,157,2,baixo
9,189,35,18,2,0,133,1,baixo
9,133,20,12,1,1,189,1,baixo
14,88,16,10,2,0,69,1,medio
5,130,22,15,2,0,66,3,baixo
10,142,28,13,2,0,143,2,baixo
15,143,24,13,0,0,184,3,baixo
11,114,11,14,1,0,70,3,alto
10,57,7,10,0,1,74,2,alto
15,183,22,19,2,1,64,3,alto
15,103,15,13,2,1,120,1,medio
5,84,9,11,0,0,105,2,alto
6,114,15,14,0,1,115,1,alto
9,196,28,15,2,0,52,3,medio
15,183,19,19,1,1,168,2,alto
8,62,6,11,0,1,31,2,alto
15,119,13,14,1,1,38,3,medio
9,71,13,9,0,0,187,1,baixo
12,151,26,17,0,1,197,2,medio
5,121,21,14,1,1,92,3,medio
15,91,18,11,1,1,46,2,baixo
7,174,18,12,0,1,159,2,medio
6,154,27,13,1,0,180,3,baixo
10,165,19,14,0,1,118,1,alto
6,71,9,9,0,0,195,1,baixo
6,64,11,9,2,0,48,1,medio
8,155,18,14,2,1,81,3,alto
8,124,12,15,1,1,27,2,baixo
15,87,13,12,1,1,90,1,alto
15,116,19,13,0,0,184,3,medio
8,62,9,11,1,1,164,1,baixo
11,54,5,10,2,1,61,2,alto
15,144,28,11,0,1,132,2,medio
9,200,30,16,1,1,130,1,medio
7,109,12,12,1,0,127,3,alto
12,127,20,13,1,0,58,1,baixo
7,156,15,12,0,1,119,2,alto
7,56,6,8,0,1,178,2,baixo
15,160,28,12,0,0,43,2,baixo
7,68,6,9,0,1,187,2,medio
6,64,12,9,1,1,46,2,baixo
7,139,24,16,1,1,150,1,alto
10,94,9,11,1,1,198,2,medio
12,130,23,12,2,1,182,1,medio
9,76,9,10,2,0,180,2,medio
8,123,22,13,0,1,76,1,alto
5,190,29,13,2,1,105,3,medio
15,127,14,11,2,0,51,1,medio
15,119,14,12,1,0,184,1,alto
13,133,26,15,0,0,112,1,medio
9,64,10,9,0,0,68,1,alto
5,90,10,11,1,1,90,1,alto
10,148,22,14,0,0,195,2,medio
14,180,19,15,0,1,59,1,alto
6,86,12,10,0,0,152,2,baixo
13,146,14,11,2,0,84,1,alto
11,76,15,9,1,0,34,1,baixo
8,185,19,18,1,1,172,2,alto
5,109,17,11,2,1,123,2,baixo
6,106,11,10,1,1,63,1,alto
13,150,16,14,1,0,37,3,medio
14,174,34,15,2,1,39,1,medio
6,132,20,13,2,1,84,1,medio
11,198,22,20,0,0,161,3,medio
10,59,7,9,2,0,63,2,alto
5,79,12,12,1,1,64,1,alto
8,164,30,12,1,0,182,3,baixo
7,169,18,14,0,1,172,1,alto
6,200,33,17,1,1,45,4,medio
8,172,22,15,0,1,176,2,medio
7,194,32,17,2,0,30,1,baixo
15,76,10,10,0,0,178,1,baixo
6,144,25,16,1,1,112,1,medio
11,177,28,17,1,1,165,3,alto
15,69,11,10,2,1,84,2,alto
11,197,23,19,0,0,121,4,alto
14,72,14,10,0,0,89,1,medio
15,169,30,17,2,0,154,3,baixo
8,82,16,9,1,1,141,1,baixo
5,145,25,13,1,0,51,3,baixo
10,87,11,12,2,1,182,2,medio
15,129,13,13,2,1,100,2,alto
12,150,17,16,0,0,152,4,alto
12,71,12,10,0,1,164,1,baixo
8,152,21,12,1,1,54,1,baixo
13,50,10,10,0,0,36,1,baixo
13,135,19,12,1,0,60,3,medio
7,71,11,10,0,0,37,1,baixo
15,173,28,16,0,1,178,4,alto
13,156,29,12,0,1,196,1,alto
6,143,27,16,0,0,192,2,baixo
6,67,11,10,2,0,71,1,alto
14,196,19,13,0,0,117,1,medio
15,125,20,12,1,0,194,1,baixo
10,142,21,12,0,1,163,1,medio
10,155,21,16,2,1,100,2,alto
8,171,25,15,0,1,98,3,alto
7,193,35,18,2,1,129,2,alto
5,81,14,9,1,0,80,2,alto
12,98,17,11,2,0,126,2,medio
5,91,12,12,2,1,113,1,medio
14,63,11,10,2,1,183,1,baixo
6,123,17,11,0,1,55,1,alto
11,82,9,10,0,1,54,1,alto
8,129,16,15,0,0,94,1,alto
14,182,26,16,1,0,180,3,baixo
10,172,33,17,0,0,81,3,medio
6,153,28,12,2,1,52,3,medio
8,87,13,10,0,0,162,1,baixo
5,105,10,13,1,0,120,2,alto
9,133,14,11,2,0,49,2,medio
8,141,24,14,1,0,167,1,baixo
9,132,17,11,0,1,140,1,alto
11,66,10,11,2,1,109,1,alto
12,142,20,16,0,1,147,3,alto
9,110,15,13,2,0,124,2,medio
13,189,37,13,0,1,89,1,medio
15,72,9,9,0,1,106,2,alto
13,109,13,12,0,1,150,2,medio
8,100,20,11,2,1,186,1,baixo
8,110,12,13,0,1,58,2,alto
6,124,19,14,2,0,110,2,alto
10,53,8,8,0,1,53,2,alto
14,101,18,12,0,0,37,3,baixo
12,89,12,10,1,1,198,1,baixo
15,198,31,13,0,0,165,3,baixo
14,91,18,12,1,1,33,2,baixo
7,154,21,12,1,0,179,3,baixo
15,171,21,18,2,0,179,3,medio
12,84,15,9,1,1,105,2,medio
15,185,30,18,1,1,151,4,alto
7,96,17,12,2,0,144,1,baixo
10,168,22,13,0,0,109,1,medio
15,149,14,16,2,0,102,1,alto
8,83,11,12,1,0,49,1,alto
15,76,15,10,2,1,196,1,baixo
10,131,14,11,0,0,117,1,medio
6,188,34,18,1,0,96,1,baixo
8,153,15,15,0,1,127,3,alto
12,91,12,11,0,0,133,1,medio
10,51,10,9,0,0,57,1,alto
13,177,26,15,0,0,68,2,baixo
15,183,21,14,1,1,42,2,baixo
5,127,25,12,0,0,142,1,baixo
10,163,27,12,0,1,98,2,medio
13,80,15,10,1,0,76,1,alto
5,196,21,15,1,1,158,3,alto
15,120,24,12,2,0,70,2,baixo
10,139,21,15,0,1,192,1,baixo
5,163,29,13,0,0,87,3,baixo
13,100,16,12,0,1,120,3,alto
8,76,11,11,2,0,49,1,alto
14,131,18,11,2,0,162,1,baixo
13,53,5,8,2,1,68,2,alto
5,109,20,12,2,1,153,2,baixo
5,165,33,15,2,0,148,2,baixo
11,153,17,17,1,1,82,2,alto
12,169,23,14,2,1,116,2,alto
6,102,20,12,1,0,99,3,medio
11,173,31,17,0,1,92,3,medio
12,68,12,11,0,1,163,2,medio
14,146,16,12,1,0,25,2,baixo
5,135,15,12,0,1,37,2,medio
14,127,13,13,1,0,114,2,alto
14,190,29,16,1,0,58,3,baixo
11,93,9,12,0,1,129,2,alto
7,72,13,11,1,0,66,1,alto
11,106,18,12,0,0,151,2,baixo
6,56,9,9,2,1,93,1,medio
7,195,35,14,0,0,32,1,medio
7,159,19,12,1,1,91,1,alto
12,191,33,17,1,1,107,2,alto
10,131,20,11,1,0,112,1,medio
8,187,26,15,1,0,171,2,baixo
14,142,18,13,2,0,143,2,medio
9,182,28,18,2,0,82,3,baixo
15,112,22,11,0,0,130,1,baixo
8,77,14,10,0,0,98,2,baixo
11,81,15,10,1,1,117,1,baixo
7,184,36,15,2,1,65,3,medio
7,108,12,12,0,0,167,1,medio
7,78,10,9,0,1,49,2,medio
9,59,10,10,1,0,77,2,alto
11,73,8,10,0,1,162,2,medio
9,134,13,14,0,1,45,1,alto
14,160,17,16,0,0,181,1,medio
5,180,18,18,0,0,77,3,alto
7,81,9,11,0,0,140,1,medio
13,53,8,10,0,0,85,1,alto
9,99,10,10,1,1,65,1,alto
5,145,14,15,2,0,48,1,alto
9,169,21,14,2,1,127,1,medio
8,198,31,14,0,0,113,1,baixo
14,197,21,15,2,0,151,2,medio
8,79,13,11,2,0,105,2,medio
6,101,18,11,1,0,186,1,baixo
10,191,21,19,1,0,113,3,alto
13,76,15,12,1,1,47,2,baixo
11,95,19,13,1,0,178,2,baixo
10,115,20,10,2,1,182,2,baixo
7,66,7,10,1,0,95,1,alto
13,97,17,10,0,0,33,1,baixo
5,120,19,13,2,1,111,2,medio
11,190,31,13,0,1,185,2,medio
14,114,15,14,1,1,52,2,medio
11,127,16,13,1,1,120,3,alto
5,153,27,13,2,0,116,2,medio
14,151,28,13,2,0,57,2,baixo
9,123,19,13,0,0,147,1,baixo
12,113,13,10,1,0,131,1,baixo
10,122,13,12,0,1,130,1,alto
10,180,34,14,2,1,96,3,medio
12,112,21,10,2,0,33,2,baixo
13,66,11,9,0,0,111,2,medio
5,174,34,15,0,1,153,3,medio
12,64,9,11,0,0,44,2,medio
8,153,25,17,2,1,92,2,alto
12,98,18,13,2,1,61,3,medio
10,181,34,13,2,1,150,2,medio
6,96,10,13,1,1,121,1,alto
10,151,30,13,0,1,115,3,medio
9,118,16,10,1,0,178,2,baixo
10,148,24,13,2,1,71,2,medio
6,200,28,16,2,0,168,3,baixo
10,175,19,12,1,0,102,2,alto
11,157,29,16,1,0,193,4,baixo
7,96,15,13,2,0,176,1,baixo
6,151,16,16,1,0,50,1,alto
7,119,18,13,2,1,47,2,medio
11,124,13,15,1,0,171,3,alto
14,184,35,17,0,1,83,4,medio
14,98,12,12,0,1,34,1,medio
12,182,32,13,0,1,124,3,medio
9,147,18,14,2,0,193,1,medio
5,121,19,12,0,1,176,2,medio
12,114,14,11,0,0,35,1,baixo
9,122,19,13,1,1,175,3,baixo
7,165,24,13,1,1,83,1,medio
8,137,24,12,1,0,140,1,baixo
8,116,23,11,1,1,136,2,baixo
8,169,26,14,0,0,164,3,medio
5,177,17,16,0,0,143,1,alto
11,95,11,12,0,1,106,3,alto
14,52,6,8,0,1,110,1,medio
6,141,15,14,0,1,38,3,alto
9,165,27,12,2,1,71,3,baixo
9,125,13,12,2,0,35,1,alto
8,162,27,17,0,0,87,2,medio
9,146,20,16,1,0,116,2,alto
12,53,8,10,2,0,76,2,alto
8,117,12,10,1,0,118,2,alto
11,60,9,11,1,0,137,1,medio
13,142,15,15,0,0,161,1,medio
13,54,5,10,0,0,42,1,alto
6,172,17,15,0,0,40,1,medio
14,166,31,13,1,0,43,1,baixo
13,180,21,15,2,1,41,3,medio
7,144,24,13,2,1,116,2,medio
15,173,23,16,1,1,173,2,alto
15,74,14,10,0,0,92,1,medio
12,60,8,9,1,0,124,1,medio
7,180,19,16,1,1,39,2,alto
10,188,23,15,0,0,55,1,medio
6,71,7,9,1,1,50,1,alto
10,102,20,11,1,1,116,2,medio
9,185,37,17,0,0,28,1,baixo
5,114,12,11,0,1,60,2,alto
6,122,18,13,0,0,190,2,baixo
5,105,17,10,2,0,88,1,medio
11,124,21,13,0,0,39,1,baixo
7,186,23,13,1,0,158,3,medio
5,81,11,10,1,0,72,2,alto
10,74,14,9,0,0,121,2,baixo
6,87,16,12,2,1,114,3,medio
9,125,15,15,2,1,76,1,alto
15,170,19,13,0,0,195,3,baixo
7,59,9,10,0,1,177,1,baixo
7,109,19,11,0,0,116,2,baixo
8,186,31,16,1,1,131,2,medio
11,85,12,9,2,1,65,2,alto
14,62,9,10,0,1,50,2,alto
8,78,15,9,2,0,129,2,baixo
8,130,16,15,1,0,77,2,alto
15,61,12,10,0,0,153,1,baixo
10,176,19,18,0,1,68,1,alto
14,104,13,12,0,0,79,2,alto
14,58,10,8,0,1,68,2,alto
7,136,22,12,0,1,139,1,alto
13,174,33,13,2,1,90,3,medio
8,146,17,16,2,0,160,4,medio
14,123,12,12,1,1,51,2,alto
11,179,32,15,1,0,154,2,baixo
12,135,25,11,1,1,97,1,medio
10,153,19,12,0,0,29,3,baixo
8,163,28,16,1,1,82,2,medio
15,66,11,10,1,0,165,2,baixo
13,187,27,16,0,0,145,2,medio
7,55,11,10,2,0,195,2,baixo
15,112,19,11,0,1,126,1,medio
8,57,9,9,0,1,117,1,medio
10,178,19,18,2,0,186,3,medio
13,127,20,12,0,1,199,2,medio
14,77,12,12,0,0,117,3,medio
10,196,26,20,1,0,142,4,alto
7,57,9,9,1,0,184,1,baixo
8,141,18,16,1,0,81,3,alto
13,135,20,13,1,1,93,3,medio
15,168,19,16,2,1,199,1,medio
13,176,34,17,1,0,99,3,baixo
10,152,20,12,0,0,80,3,medio
7,91,10,11,2,1,65,2,alto
7,182,28,16,1,1,58,4,alto
8,106,17,11,0,1,129,2,medio
10,190,31,15,0,1,152,2,medio
9,120,24,14,0,0,117,3,medio
10,65,10,9,2,0,126,2,medio
5,169,25,13,1,0,27,2,baixo
14,197,26,13,0,1,147,1,medio
10,177,27,13,2,1,34,2,baixo
9,79,12,10,2,1,164,1,baixo
15,180,26,14,1,0,154,3,baixo
14,145,22,16,2,0,107,2,alto
13,63,7,10,0,1,69,1,alto
9,180,30,13,0,1,161,2,medio
10,62,6,11,1,0,126,1,alto
10,188,36,19,2,1,50,2,alto
15,86,15,11,1,1,180,2,baixo
15,81,16,12,0,1,105,2,medio
8,109,13,14,2,0,199,1,medio
10,66,8,9,1,1,142,2,medio
6,134,26,14,1,0,101,1,baixo
8,180,32,14,0,0,193,1,baixo
7,128,20,13,0,0,129,2,medio
13,136,16,14,1,1,93,2,alto
8,171,22,14,1,1,199,3,medio
9,53,9,9,1,1,191,1,baixo
15,170,33,12,0,1,189,3,medio
9,159,16,12,2,1,127,1,alto
9,86,15,10,1,1,45,2,baixo
12,57,7,10,1,0,193,2,medio
14,56,6,9,1,0,32,1,medio
15,132,26,14,2,0,163,3,baixo
14,86,15,11,2,1,108,2,medio
6,134,24,14,0,0,124,1,medio
11,50,8,8,2,0,152,2,baixo
6,158,27,17,0,0,83,2,medio
8,73,7,10,1,1,152,2,medio
5,74,8,11,0,0,189,2,medio
9,145,28,11,0,0,100,1,medio
12,108,14,12,1,1,179,1,baixo
7,66,9,11,2,1,77,2,alto
6,200,36,14,2,0,71,3,medio
10,107,13,13,1,1,200,1,medio
7,156,21,12,2,0,145,1,medio
6,159,19,17,2,1,121,3,alto
12,91,10,10,2,1,116,1,medio
7,87,8,10,2,1,90,1,alto
12,180,21,13,2,1,182,1,baixo
11,187,29,17,1,1,178,4,baixo
9,129,19,13,2,0,81,3,medio
13,187,31,14,2,1,120,2,medio
9,89,11,9,0,0,155,1,medio
13,143,24,14,1,1,190,3,medio
9,188,21,18,0,0,111,2,alto
15,150,17,16,2,1,57,1,alto
14,67,13,9,2,0,113,2,baixo
14,68,12,10,0,1,194,1,baixo
15,163,27,16,1,1,49,4,baixo
11,122,15,11,0,1,46,1,alto
14,168,18,17,0,1,105,1,alto
7,198,28,19,1,0,31,2,baixo
12,117,23,14,1,1,119,2,medio
9,193,32,17,1,1,171,3,medio
14,81,14,12,1,0,99,2,alto
14,124,18,15,0,0,32,3,baixo
7,190,25,14,0,0,61,3,baixo
12,180,36,16,1,0,59,3,baixo
6,144,17,16,1,1,178,4,medio
8,68,13,9,2,1,143,2,baixo
12,115,23,13,2,0,54,2,baixo
8,110,16,14,2,0,67,2,alto
11,200,37,20,0,0,122,5,medio
8,87,15,12,2,1,164,2,medio
6,195,26,18,0,1,103,1,alto
11,173,20,16,1,1,74,4,alto
9,56,7,10,0,1,70,2,alto
9,148,16,13,1,0,132,2,alto
10,62,12,10,2,1,48,2,baixo
9,117,13,12,2,1,142,2,medio
14,51,7,9,2,1,101,2,medio
13,119,11,10,1,1,149,1,alto
9,70,11,11,1,1,199,1,baixo
8,192,23,13,1,1,109,2,alto
14,102,20,10,1,1,46,1,baixo
14,65,11,9,1,1,28,2,baixo
5,180,26,16,0,1,86,2,alto
14,67,8,11,2,0,36,2,medio
11,57,8,10,0,1,106,2,medio
14,108,13,10,0,1,87,1,alto
13,188,36,18,2,1,189,1,medio
10,178,30,12,0,1,64,2,alto
8,77,9,10,1,1,108,2,medio
10,147,22,13,2,0,85,2,medio
11,187,30,15,1,1,180,2,alto
12,125,23,13,1,0,136,2,baixo
6,188,21,15,1,0,183,2,medio
6,197,30,19,0,1,200,1,medio
13,53,8,8,2,0,30,2,baixo
11,106,20,10,2,0,89,1,baixo
8,136,23,14,1,1,53,3,medio
5,117,15,13,2,0,39,1,baixo
10,61,10,9,1,0,143,1,baixo
8,176,23,13,2,1,193,1,baixo
15,169,23,14,2,0,91,1,medio
14,190,36,18,0,1,114,3,alto
12,132,13,13,1,0,128,3,alto
12,193,21,13,2,1,44,3,medio
13,167,23,13,2,1,26,1,baixo
6,196,31,18,2,1,178,3,medio
12,102,14,11,0,1,135,1,medio
15,172,34,16,2,1,119,2,alto
8,138,25,13,1,1,174,3,medio
7,177,33,18,2,1,55,2,alto
8,189,29,15,2,0,180,3,baixo
15,80,13,9,2,1,139,1,baixo
7,108,18,12,2,1,43,1,medio
14,114,18,10,0,0,83,2,medio
6,168,33,15,0,1,61,2,medio
8,165,32,18,2,1,151,3,alto
12,121,19,12,2,0,55,2,baixo
8,126,18,13,2,0,135,1,medio
10,73,12,11,0,0,67,2,alto
7,75,11,10,2,1,133,1,medio
10,80,16,9,0,0,174,2,baixo
7,92,12,11,1,1,119,1,alto
15,176,34,17,2,0,46,3,baixo
5,99,12,13,1,0,80,2,alto
11,197,22,13,0,0,152,3,baixo
8,96,15,11,2,0,118,1,medio
9,156,21,12,0,1,33,2,medio
15,55,10,10,2,0,52,1,alto
7,118,14,11,1,0,59,1,alto
14,111,22,14,0,1,146,1,alto
14,61,6,9,2,0,150,2,medio
5,60,8,10,2,1,88,1,alto
15,120,15,15,0,0,45,2,medio
7,191,24,13,0,0,184,3,baixo
12,118,23,10,1,0,112,1,baixo
14,183,22,15,0,0,52,2,medio
8,187,22,17,1,0,60,4,baixo
7,165,19,14,1,1,58,2,alto
14,161,28,15,0,1,59,2,medio
9,168,27,16,1,0,182,3,baixo
10,140,19,14,0,0,103,1,alto
12,130,15,14,2,0,154,1,alto
11,50,10,8,1,0,94,2,baixo
12,112,15,13,1,1,189,3,baixo
12,185,32,19,1,0,147,4,baixo
15,165,33,15,1,0,126,1,baixo
9,156,20,14,0,0,31,1,baixo
11,162,21,17,2,0,72,3,alto
14,146,19,15,1,0,151,1,medio
12,63,12,11,1,1,183,2,baixo
9,167,18,17,2,0,27,3,baixo
15,104,12,12,1,1,176,3,medio
6,87,15,9,2,0,51,2,baixo
11,90,12,12,0,0,102,2,alto
7,100,18,10,1,0,92,2,medio
14,161,28,12,1,1,82,2,medio
13,106,13,10,0,0,125,1,medio
7,160,22,13,0,1,177,1,medio
15,191,29,14,1,0,104,3,medio
6,160,21,13,0,1,118,2,alto
12,151,24,15,2,0,149,3,baixo
14,62,6,10,0,0,187,2,medio
9,64,11,9,1,1,48,1,baixo
6,128,19,11,1,0,153,2,baixo
14,130,19,15,1,0,79,3,alto
15,89,16,10,1,1,71,1,medio
10,200,28,15,1,0,164,3,baixo
12,56,7,8,0,0,53,1,alto
6,56,6,8,1,1,175,2,baixo
7,128,13,11,1,0,170,2,medio
13,150,29,13,0,0,78,3,baixo
11,187,36,18,0,0,143,4,medio
9,69,10,11,0,1,112,2,medio
8,187,19,16,0,1,178,1,medio
7,168,33,12,2,0,54,2,baixo
12,53,6,8,0,0,104,2,alto
5,85,17,11,2,1,37,2,baixo
9,159,22,16,0,1,68,3,medio
8,133,24,13,0,1,160,3,baixo
9,82,12,10,0,1,33,1,medio
5,124,13,11,1,1,111,1,alto
8,81,13,10,2,1,162,1,baixo
9,150,16,12,0,1,199,1,alto
6,105,12,13,1,0,64,1,alto
8,162,32,17,2,0,133,2,baixo
8,143,21,16,0,0,89,4,medio
9,73,10,9,0,1,176,2,baixo
11,180,19,16,1,0,86,3,alto
12,100,11,13,0,1,79,1,alto
10,55,11,8,0,0,88,1,medio
8,190,31,14,0,1,69,3,alto
7,107,19,11,1,1,179,2,baixo
6,188,22,14,2,0,132,3,alto
8,197,27,18,1,1,74,2,alto
6,138,19,15,1,0,141,1,medio
9,191,26,18,1,0,67,4,medio
7,105,15,11,2,0,38,1,baixo
10,198,33,13,1,1,180,2,baixo
8,78,10,9,0,0,77,1,alto
12,165,21,17,2,1,84,3,alto
7,138,21,15,0,1,72,3,alto
5,105,12,12,2,0,80,2,alto
13,89,13,12,0,0,122,2,alto
8,77,12,11,0,0,54,2,alto
6,57,10,10,0,0,174,2,baixo
8,164,28,15,2,0,176,3,baixo
15,85,16,11,2,1,116,2,baixo
10,108,11,13,2,0,75,2,alto
15,54,7,10,0,1,148,1,medio
9,155,16,12,2,0,88,2,alto
8,164,17,14,2,1,190,1,alto
12,80,16,12,0,0,185,2,baixo
10,89,9,9,0,1,180,2,medio
14,123,21,14,1,0,67,1,baixo
11,106,19,10,2,0,83,2,medio
9,145,20,14,0,0,76,3,medio
13,86,12,11,0,0,102,1,alto
5,173,33,16,0,0,146,4,baixo
9,173,27,14,1,0,30,1,baixo
11,148,18,13,0,1,28,2,medio
10,168,29,12,2,1,175,2,medio
12,103,19,12,2,1,26,3,baixo
5,191,35,13,2,0,45,2,baixo
13,138,27,11,1,0,89,1,baixo
8,153,28,13,2,1,139,3,medio
10,54,7,8,2,0,82,1,alto
8,64,6,9,1,0,190,2,medio
14,184,33,19,1,1,168,4,medio
9,112,20,14,2,1,147,3,medio
14,54,10,10,2,0,66,1,alto
7,67,10,11,0,1,182,2,medio
6,70,7,9,2,0,161,2,medio
11,190,35,19,0,1,155,3,alto
7,157,23,15,2,1,132,3,medio
15,115,15,10,2,1,134,2,baixo
14,138,15,14,0,0,152,2,medio
7,155,16,15,2,0,54,2,alto
5,163,31,14,1,0,69,2,baixo
7,63,7,9,0,0,158,2,medio
6,155,16,16,0,0,126,3,alto
5,107,14,11,0,1,90,2,alto
15,142,26,12,1,0,73,2,baixo
9,180,23,15,1,1,43,1,medio
12,75,12,11,1,0,95,2,alto
6,81,16,12,1,1,138,3,baixo
8,100,17,11,1,1,179,1,baixo
9,159,25,17,0,0,158,1,medio
10,141,15,11,0,0,167,2,baixo
8,125,24,14,2,0,106,3,medio
5,130,21,15,2,0,104,2,alto
10,149,21,15,0,0,108,1,medio
8,176,31,12,2,0,32,2,baixo
8,118,20,13,1,0,164,1,baixo
11,101,17,12,0,0,153,1,baixo
9,68,12,11,2,1,114,2,medio
14,200,22,18,1,0,58,1,medio
9,136,16,14,2,1,122,1,alto
7,125,21,13,2,1,168,2,baixo
14,75,9,10,0,0,196,2,baixo
8,133,17,13,1,0,74,1,alto
9,114,22,10,1,0,186,1,baixo
9,124,17,13,1,0,31,3,baixo
9,137,19,16,2,1,162,4,medio
8,149,23,15,1,1,166,2,medio
5,144,28,11,2,1,157,2,medio
12,56,10,9,2,1,93,1,medio
12,52,6,8,2,0,129,2,medio
5,102,14,13,0,0,28,2,baixo
15,186,20,13,2,0,76,1,alto
10,129,22,11,1,1,97,1,medio
5,142,15,16,2,1,175,2,medio
8,90,10,10,0,0,47,1,alto
5,118,20,14,1,0,40,3,baixo
11,64,8,11,0,0,175,1,baixo
10,135,25,14,2,0,128,1,medio
5,185,35,16,0,1,31,3,alto
7,170,34,13,0,0,67,3,baixo
5,107,14,12,2,0,176,1,baixo
10,148,22,12,1,0,169,1,baixo
9,179,24,14,0,0,108,1,medio
13,198,30,20,0,1,170,3,medio
5,153,23,15,2,1,51,1,medio
11,74,9,10,1,1,51,1,alto
6,191,32,14,2,1,80,3,medio
9,171,18,14,0,1,155,2,medio
13,193,30,17,1,1,126,2,medio
13,61,7,11,2,0,53,2,alto
5,55,8,8,0,0,139,1,baixo
10,180,34,13,1,1,117,2,medio
6,144,25,16,0,0,77,3,baixo
9,152,21,16,1,0,110,3,alto
7,57,8,8,0,0,165,2,medio
12,95,11,11,1,1,153,1,medio
15,194,19,19,1,0,95,3,alto
5,170,23,18,2,1,75,1,alto
5,75,10,12,2,1,187,2,baixo
14,113,11,13,2,0,192,3,medio
13,166,18,14,2,1,126,2,alto
14,197,24,19,1,0,142,4,medio
13,125,19,12,2,0,43,2,baixo
10,59,8,8,0,1,193,1,baixo
15,57,8,8,1,1,168,1,baixo
13,150,18,17,2,1,134,2,alto
10,95,12,10,2,0,75,2,alto
12,127,18,11,0,0,121,1,medio
9,165,29,13,2,1,127,2,medio
5,166,19,12,0,0,157,3,medio
11,125,24,15,0,0,52,1,baixo
14,117,12,11,2,0,183,2,medio
12,195,24,18,1,0,119,4,alto
14,117,19,12,2,0,179,1,baixo
9,95,17,12,0,1,134,1,alto
15,149,22,12,1,1,200,1,medio
8,128,25,14,1,1,180,3,baixo
15,71,13,10,1,0,61,1,medio
7,75,8,9,0,1,144,2,medio
5,192,32,18,0,0,116,2,medio
15,106,20,11,2,0,183,2,baixo
15,64,11,9,2,1,166,1,baixo
9,87,15,9,1,1,96,1,medio
10,191,29,14,2,1,170,3,medio
10,191,35,16,0,0,148,4,baixo
14,86,8,10,1,0,178,1,medio
7,89,10,11,2,1,93,1,alto
11,89,13,9,0,1,32,2,baixo
6,84,9,12,1,1,196,3,medio
5,193,24,19,0,1,98,4,alto
13,200,30,19,2,1,47,4,medio
9,168,21,16,1,1,85,1,alto
14,191,32,14,2,1,109,2,medio
9,75,13,9,1,0,160,1,baixo
5,181,31,19,1,1,47,3,medio
5,154,21,16,1,1,200,2,baixo
14,72,9,11,0,1,50,2,alto
14,152,28,16,1,0,115,4,medio
9,110,15,11,1,0,140,2,medio
7,181,21,19,0,1,72,1,medio
6,89,12,9,2,1,62,1,alto
12,186,19,18,0,0,56,2,alto
6,84,16,11,0,0,148,1,baixo
7,157,20,15,0,0,68,1,medio
11,92,13,10,1,1,200,1,medio
14,95,13,12,1,0,77,1,alto
14,162,24,14,0,0,26,2,baixo
13,155,16,13,1,0,68,3,alto
15,120,15,15,2,1,148,3,medio
7,177,23,17,1,1,49,4,medio
5,124,21,12,2,1,169,2,medio
10,165,31,17,1,0,140,4,baixo
10,110,17,13,0,0,136,2,medio
14,155,18,17,2,0,56,2,alto
7,146,14,13,2,1,170,1,alto
6,93,9,11,0,1,34,2,alto
6,154,24,17,0,1,96,1,medio
6,175,19,12,0,0,91,2,alto
15,181,20,15,1,1,190,2,medio
8,158,24,16,0,1,116,1,medio
8,155,22,14,2,0,82,3,medio
14,173,34,17,1,1,39,3,baixo
14,156,26,13,1,0,119,3,medio
7,91,16,10,1,0,125,1,medio
8,160,18,13,2,0,159,3,medio
14,54,5,9,2,0,105,1,alto
8,98,12,11,2,0,34,2,baixo
13,170,32,16,1,1,114,3,medio
9,172,30,14,2,1,153,2,medio
14,194,26,13,2,1,195,2,medio
9,118,17,13,1,1,47,2,medio
5,200,32,18,0,0,25,3,medio
6,198,29,20,2,1,72,4,medio
5,158,18,15,1,0,102,1,alto
9,152,19,14,0,0,170,3,baixo
8,72,8,10,2,0,70,1,alto
12,56,5,9,2,0,114,1,alto
9,60,7,10,0,1,193,2,medio
6,99,13,12,0,1,114,3,alto
9,155,23,16,2,1,71,2,medio
15,71,11,9,1,1,135,1,baixo
11,65,11,11,2,0,44,1,medio
13,191,25,15,0,0,184,1,baixo
11,193,25,16,2,0,130,1,medio
13,69,11,9,0,0,35,1,baixo
13,67,13,11,2,0,128,1,baixo
14,166,32,18,1,0,88,2,medio
5,171,27,13,0,1,91,3,alto
7,117,13,14,1,0,28,2,baixo
6,100,15,12,0,0,37,2,medio
10,80,14,12,1,1,157,3,medio
11,181,23,16,0,0,143,4,medio
14,72,12,9,0,0,165,2,baixo
13,144,21,16,1,1,157,1,medio
6,56,6,8,2,0,138,1,medio
11,186,34,14,0,0,63,1,baixo
5,76,10,11,0,0,143,1,medio
13,135,24,15,2,1,91,2,medio
13,149,18,11,2,1,97,1,alto
13,164,30,16,1,1,54,1,medio
6,107,19,14,0,1,42,3,alto
9,80,8,9,0,0,98,2,alto
10,113,15,13,1,0,57,3,alto
10,91,16,11,0,1,131,2,alto
11,116,12,13,2,0,131,1,alto
14,139,18,14,2,0,175,2,baixo
15,75,15,9,0,1,81,1,medio
7,74,8,11,0,1,195,2,medio
12,69,12,10,1,1,109,1,medio
11,98,13,13,2,0,118,1,alto
9,102,13,10,1,1,118,2,medio
14,183,22,13,1,1,66,3,medio
14,120,24,13,2,0,137,2,baixo
13,107,21,10,0,1,175,1,medio
10,179,27,14,1,0,82,1,baixo
13,60,8,11,0,1,185,1,baixo
9,154,18,15,1,1,138,3,alto
11,102,19,12,1,1,113,1,baixo
15,58,5,9,0,1,45,2,alto
13,70,9,10,0,1,180,1,medio
5,110,15,10,0,1,82,2,alto
11,133,14,15,0,0,194,3,baixo
13,161,32,12,1,1,93,3,medio
5,160,25,15,2,0,113,1,baixo
11,86,11,9,2,1,71,1,alto
12,130,23,15,1,0,133,1,medio
6,166,22,17,1,1,38,1,medio
15,193,29,17,2,0,194,2,baixo
14,127,14,14,2,1,185,1,alto
13,174,20,15,2,1,181,2,alto
14,132,22,12,0,0,188,2,baixo
11,64,6,9,2,0,87,2,alto
15,148,16,11,0,1,30,1,alto
5,191,20,14,2,0,33,1,baixo
8,120,12,12,2,0,32,1,medio
7,118,21,13,1,0,31,3,baixo
13,167,30,12,0,0,196,2,baixo
13,119,11,11,1,0,106,1,alto
13,143,16,15,2,1,106,2,alto
11,161,30,13,2,1,102,1,baixo
6,168,31,18,1,1,154,1,medio
6,174,22,15,1,1,129,3,alto
14,87,13,9,1,0,140,1,baixo
13,186,26,14,0,1,69,1,medio
5,106,15,13,1,1,98,2,alto
6,86,14,9,2,0,107,2,medio
9,195,39,16,0,1,149,2,medio
13,180,26,18,0,0,195,1,baixo
6,194,26,13,1,0,26,2,baixo
8,169,31,15,2,0,105,3,baixo
14,50,7,10,1,0,197,1,medio
10,132,17,14,2,0,101,1,alto
5,124,14,11,1,1,49,1,alto
13,54,5,8,1,1,163,1,baixo
15,87,12,9,1,0,182,1,baixo
7,60,11,9,0,1,125,1,medio
15,128,22,13,0,1,61,3,medio
8,55,11,10,2,1,104,1,medio
11,115,11,12,2,0,105,1,alto
8,185,28,14,0,1,55,1,medio
8,191,27,19,1,1,105,4,alto
9,116,18,14,1,1,44,3,baixo
6,118,20,13,1,0,33,1,baixo
5,55,5,8,2,0,92,2,alto
14,94,13,13,0,0,190,1,baixo
7,75,7,9,0,1,191,2,medio
13,163,23,15,0,1,86,2,medio
9,199,37,15,0,1,72,1,alto
11,119,12,10,2,0,184,2,baixo
7,200,32,17,2,0,127,1,baixo
9,177,35,16,1,1,50,2,medio
13,112,14,11,2,1,144,2,medio
5,181,23,15,2,0,144,2,medio
13,190,20,17,0,0,150,4,medio
5,181,21,16,0,1,127,3,medio
10,122,24,11,2,1,119,2,medio
10,66,13,10,0,0,39,2,baixo
10,54,9,10,1,0,108,1,medio
11,200,28,17,1,1,55,3,medio
6,111,22,14,2,0,111,1,medio
13,79,11,11,0,0,27,2,baixo
5,169,16,14,2,1,185,3,alto
5,65,6,9,0,0,121,2,alto
14,74,9,10,0,0,184,2,baixo
10,128,24,13,1,1,113,1,medio
12,116,16,11,1,0,96,2,alto
6,197,25,15,1,1,55,2,medio
7,127,22,14,1,0,49,3,baixo
10,51,5,9,2,0,187,1,medio
9,171,26,16,2,0,34,1,baixo
14,147,23,13,0,1,57,2,medio
9,56,5,8,2,0,174,2,medio
12,145,19,11,1,0,196,1,baixo
14,98,13,12,0,1,42,2,alto
8,50,7,10,0,1,155,1,medio
8,154,25,13,0,0,51,1,baixo
8,63,10,10,1,1,115,2,medio
8,80,14,12,0,1,53,2,medio
5,126,14,15,0,1,81,3,alto
12,68,9,11,1,0,71,2,alto
9,95,12,13,1,0,174,3,medio
11,97,15,10,2,0,152,2,medio
8,161,17,14,1,1,176,2,medio
8,160,28,17,0,0,49,3,baixo
6,124,24,12,2,1,132,1,medio
10,95,12,11,0,0,159,1,medio
5,121,21,15,2,0,117,1,medio
13,86,17,12,0,1,56,2,alto
6,100,10,12,0,0,158,1,alto
8,81,11,10,2,0,136,2,medio
6,142,18,11,0,1,161,2,medio
6,135,15,11,0,0,138,1,medio
14,160,32,17,2,0,107,1,baixo
7,55,10,10,1,1,84,2,medio
13,117,13,13,2,1,88,3,alto
6,68,11,9,1,0,99,2,alto
14,88,17,9,0,1,27,2,baixo
7,149,17,14,2,1,27,3,baixo
11,73,10,9,0,1,168,1,medio
7,163,25,14,0,1,183,2,medio
7,66,9,10,2,0,26,2,baixo
14,83,11,11,2,1,103,2,alto
5,110,20,10,0,0,185,2,baixo
5,160,17,16,2,1,164,2,alto
14,72,10,10,0,0,109,1,medio
9,112,11,14,2,1,28,2,medio
14,108,14,13,1,1,62,2,alto
11,104,16,10,0,1,138,1,baixo
6,92,11,12,2,1,90,1,alto
13,110,13,12,1,0,71,3,alto
12,120,12,12,0,0,39,2,alto
7,124,24,13,2,0,149,1,baixo
9,59,11,9,0,1,74,2,medio
11,101,20,13,2,0,69,3,baixo
7,163,24,13,1,0,179,2,baixo
11,152,29,14,1,0,194,1,baixo
10,70,10,10,1,1,89,2,alto
13,93,14,12,1,1,152,3,medio
11,147,15,14,0,1,139,3,alto
12,130,22,13,2,1,140,3,medio
12,101,16,10,0,0,196,1,baixo
14,115,14,11,1,0,74,2,alto
5,84,14,9,0,1,64,1,medio
13,118,22,13,1,1,86,3,baixo
7,134,22,12,2,0,156,1,baixo
11,118,17,13,2,0,80,1,alto
13,53,7,8,2,0,100,2,medio
7,67,6,11,2,1,195,1,medio
5,172,21,15,0,0,179,3,medio
7,109,11,12,2,1,47,1,alto
8,76,13,11,2,1,92,1,medio
8,145,16,12,2,0,194,2,medio
13,148,26,15,1,1,56,3,medio
7,89,11,12,1,1,104,3,alto
8,137,19,13,2,0,72,3,medio
8,146,19,14,2,0,123,2,medio
10,50,10,9,0,1,115,1,baixo
13,119,21,14,2,1,173,3,medio
12,133,20,14,2,1,153,1,medio
10,124,19,13,2,0,29,1,baixo
5,51,5,9,1,0,39,2,alto
13,163,27,13,1,1,150,3,medio
13,137,26,12,2,1,105,2,baixo
10,188,24,17,2,0,50,2,baixo
11,73,13,9,0,1,90,2,medio
9,85,16,9,0,1,197,1,baixo
12,133,13,11,0,1,200,1,medio
11,58,7,9,2,1,38,1,medio
11,100,13,10,2,0,187,1,baixo
10,187,30,14,2,1,165,2,medio
6,107,12,14,2,0,108,3,alto
7,94,17,12,2,1,177,2,baixo
8,169,20,15,1,1,174,1,alto
5,55,6,9,0,0,71,2,alto
12,169,33,14,2,1,86,1,baixo
6,156,27,13,1,0,117,3,baixo
5,149,23,13,0,1,185,3,medio
14,197,24,16,0,1,200,2,medio
12,125,22,15,1,0,97,3,medio
10,115,14,10,0,0,161,1,baixo
8,193,28,13,1,1,155,1,medio
14,113,20,10,2,0,198,1,baixo
6,127,25,14,2,0,168,1,baixo
12,158,19,13,0,1,150,1,medio
13,108,18,11,0,0,43,1,baixo
8,96,12,13,1,1,32,2,baixo
9,165,30,17,1,0,189,4,baixo
5,106,17,13,1,0,108,1,alto
10,143,21,13,2,1,175,2,medio
15,170,25,15,0,0,173,2,baixo
15,162,17,17,0,0,36,3,alto
8,79,12,10,0,0,154,1,baixo
7,106,16,11,0,1,93,2,alto
6,149,22,13,2,0,129,3,medio
11,122,22,12,2,1,137,2,medio
9,65,12,9,1,0,70,2,alto
11,101,17,13,2,0,159,2,medio
7,128,22,13,0,0,89,1,medio
13,113,16,11,0,1,130,1,medio
14,179,18,15,2,0,98,3,alto
5,139,25,14,2,1,177,2,medio
5,86,15,11,2,1,187,2,baixo
6,53,8,8,0,1,109,1,medio
10,74,14,11,1,0,51,2,baixo
7,134,17,11,0,1,113,2,alto
13,131,26,12,0,1,114,3,medio
7,101,17,13,0,1,138,2,alto
9,114,13,12,2,1,71,2,alto
9,148,27,11,1,0,157,1,baixo
13,97,13,10,1,1,55,2,medio
7,111,19,14,2,0,162,2,baixo
12,184,36,15,0,1,108,3,alto
5,56,5,8,0,0,159,1,medio
14,100,13,12,1,0,119,2,alto
13,128,23,13,2,1,54,1,medio
8,110,16,10,2,0,148,1,baixo
13,114,21,13,2,0,132,1,baixo
15,53,5,8,2,0,68,2,alto
9,126,12,14,0,0,171,2,medio
15,119,15,10,0,0,196,1,baixo
14,100,16,12,1,0,35,3,baixo
13,152,17,14,1,1,143,1,alto
8,168,18,15,0,1,108,1,alto
14,81,15,10,1,0,91,1,medio
10,174,33,18,2,0,158,3,baixo
7,51,7,8,2,0,132,1,medio
14,136,14,15,2,1,171,2,medio
11,160,21,12,2,0,55,2,baixo
10,116,15,12,1,1,38,3,medio
6,53,8,10,2,1,176,2,baixo
15,127,19,15,2,1,46,2,alto
9,78,7,12,1,1,152,3,alto
11,147,17,16,0,1,168,4,alto
12,191,28,14,2,1,124,2,medio
5,92,10,12,1,0,49,2,alto
5,142,17,15,2,1,147,2,alto
11,162,18,12,2,1,195,2,medio
8,131,25,11,0,1,30,2,medio
10,151,28,15,2,1,107,2,medio
9,183,22,16,1,0,114,1,alto
15,181,20,13,2,0,75,2,alto
10,115,12,10,2,0,47,1,alto
10,91,16,11,0,1,70,1,medio
5,175,34,14,0,0,142,2,baixo
12,117,23,10,2,0,117,1,medio
15,109,21,13,1,0,163,2,baixo
12,198,19,16,0,0,41,1,medio
11,111,20,12,1,0,140,1,baixo
9,85,10,10,2,0,41,1,medio
6,123,14,12,2,1,65,2,alto
12,187,30,17,0,1,93,3,alto
10,183,31,15,1,0,92,3,baixo
7,62,7,10,2,0,88,1,alto
6,55,6,9,0,1,45,2,alto
8,152,17,12,1,1,30,3,baixo
9,96,15,11,0,1,121,1,alto
10,119,19,13,0,0,25,2,baixo
13,193,33,15,0,1,119,2,alto
5,131,25,12,1,0,135,1,baixo
15,191,28,13,0,1,65,2,alto
14,192,32,14,2,1,186,2,medio
8,189,25,19,1,0,46,4,medio
13,99,18,11,2,0,72,1,medio
12,160,27,12,2,0,26,2,baixo
8,109,15,12,2,0,183,2,baixo
11,124,22,14,2,0,164,1,baixo
14,173,19,18,2,0,97,4,alto
5,158,23,14,1,0,105,3,medio
14,50,8,10,1,0,194,1,baixo
7,85,12,12,0,1,128,1,alto
11,175,34,17,2,1,29,4,medio
7,68,8,11,1,1,64,2,alto
7,102,10,13,2,1,195,3,medio
8,52,5,9,1,0,82,1,alto
11,56,11,10,2,1,48,1,baixo
14,68,7,9,0,0,59,2,alto
12,71,12,11,0,1,27,1,medio
11,199,27,20,2,1,111,2,alto
10,75,9,10,2,1,191,2,baixo
15,124,20,15,1,1,120,1,medio
7,78,14,12,1,1,160,1,medio
9,57,6,9,0,0,190,1,baixo
7,140,24,13,2,0,178,1,baixo
10,76,8,11,0,0,151,1,alto
13,139,26,13,1,0,80,1,baixo
6,165,23,13,0,1,102,3,alto
9,129,18,14,0,1,131,1,medio
6,86,8,11,1,1,174,1,medio
12,153,29,16,0,1,74,3,alto
5,172,29,17,0,1,132,4,medio
9,120,24,12,0,0,115,3,baixo
15,149,29,14,1,1,48,3,medio
11,149,23,16,1,0,170,2,baixo
7,144,21,12,1,0,174,1,baixo
9,63,12,11,1,1,28,1,baixo
15,86,16,10,1,1,160,2,baixo
14,87,15,11,1,0,176,1,baixo
7,76,14,9,2,0,150,2,baixo
6,186,30,16,1,0,149,3,medio
11,144,15,15,2,0,66,3,alto
9,67,7,10,0,1,140,2,medio
7,199,20,17,0,0,72,2,alto
7,96,9,12,2,0,167,1,alto
12,116,13,14,1,0,144,2,medio
9,68,9,9,2,0,94,1,alto
7,129,12,14,0,1,64,3,alto
9,181,33,18,0,1,25,2,alto
15,90,13,11,2,1,39,2,baixo
5,154,28,17,0,1,62,3,alto
14,166,26,13,0,0,27,1,baixo
11,127,16,12,0,1,128,3,alto
13,85,9,9,2,1,162,2,baixo
9,191,27,13,1,0,94,2,baixo
7,83,12,9,2,1,57,2,medio
15,115,11,14,0,1,74,1,alto
10,122,17,13,1,0,109,1,alto
11,53,10,10,2,1,75,2,medio
15,71,10,9,1,0,69,2,alto
5,195,30,17,2,0,95,2,medio
6,119,13,10,2,0,103,1,alto
7,61,12,10,1,1,37,2,baixo
7,62,11,11,0,1,115,1,medio
9,192,26,16,0,1,186,1,medio
13,111,21,10,2,0,60,2,baixo
9,177,31,16,2,0,186,3,baixo
10,194,27,13,1,1,169,3,medio
6,167,31,16,2,0,85,4,medio
14,149,20,13,1,0,75,1,medio
14,179,23,13,0,0,36,3,medio
7,58,6,9,2,0,53,1,alto
8,116,14,11,1,0,94,1,alto
10,159,15,17,1,1,110,3,alto
11,117,18,11,1,1,179,2,medio
9,142,25,11,0,0,46,2,baixo
11,53,5,10,2,0,199,1,medio
7,113,13,12,0,0,73,2,alto
10,107,14,11,0,1,181,1,alto
11,147,26,13,0,0,99,3,baixo
6,117,17,14,2,0,91,3,alto
6,155,26,17,2,1,198,3,medio
15,55,6,8,2,0,32,2,medio
10,146,28,16,1,1,51,3,baixo
5,137,24,11,0,1,31,1,alto
9,195,31,17,0,0,187,2,baixo
8,134,13,12,1,0,168,3,medio
11,86,12,11,2,1,148,1,medio
10,135,13,13,2,1,101,1,alto
14,59,10,9,2,1,90,2,medio
15,164,17,12,0,1,55,3,alto
7,152,16,15,1,1,34,2,medio
10,127,24,11,1,0,182,1,baixo
12,146,24,11,1,1,112,1,medio
6,51,6,9,0,1,199,2,baixo
8,150,29,14,1,1,96,3,baixo
10,176,27,14,0,0,111,3,medio
6,169,33,12,0,1,47,2,alto
6,100,14,11,1,0,85,1,alto
8,162,21,15,1,1,35,2,baixo
11,132,18,13,1,1,197,1,medio
11,191,21,17,2,0,54,3,medio
7,150,29,13,2,0,153,3,baixo
10,181,22,19,1,1,31,2,medio
13,156,27,12,2,1,41,2,baixo
15,96,12,12,1,0,189,1,medio
12,86,14,9,2,1,31,1,baixo
5,170,31,15,1,1,84,1,medio
7,66,12,10,2,0,27,2,baixo
11,93,17,10,2,0,57,1,baixo
12,145,26,14,0,1,130,3,alto
11,168,31,16,1,1,120,4,alto
7,65,12,9,2,0,79,2,alto
11,136,22,12,0,0,47,2,baixo
7,188,23,17,0,1,179,1,medio
7,104,20,11,0,1,58,2,medio
14,123,19,12,2,1,71,1,medio
5,112,21,13,0,0,153,2,medio
8,94,14,10,2,0,62,1,alto
6,83,9,11,2,0,121,1,alto
15,85,10,9,2,1,141,2,baixo
7,73,14,10,2,1,156,2,baixo
10,100,16,11,0,0,139,1,baixo
15,183,30,14,2,1,132,3,medio
9,110,21,14,0,1,71,3,alto
8,119,12,13,1,1,59,1,alto
12,138,19,11,1,0,173,2,baixo
12,73,10,10,1,1,120,1,medio
6,170,31,15,0,1,160,1,alto
13,84,11,12,1,0,57,1,alto
11,85,8,9,2,1,136,2,medio
13,163,16,14,1,1,60,2,alto
11,195,34,17,0,1,88,3,alto
7,179,24,18,2,0,184,2,medio
7,191,21,19,0,1,192,4,alto
7,99,12,10,0,0,29,2,baixo
6,106,14,10,0,0,176,2,baixo
7,54,5,8,0,0,194,1,medio
6,177,32,17,0,0,66,4,baixo
7,155,17,14,0,1,49,1,alto
6,159,31,15,2,0,156,2,baixo
6,149,16,16,2,0,200,2,medio
12,188,32,19,0,0,173,3,baixo
7,195,34,14,0,1,102,1,alto
5,91,9,10,1,1,36,1,alto
6,143,16,11,0,1,155,2,medio
14,181,27,16,2,0,41,1,baixo
15,126,12,13,1,0,151,1,alto
14,131,18,15,0,0,27,1,medio
8,134,23,14,1,1,50,3,baixo
11,95,10,11,1,1,103,1,alto
10,185,25,19,0,1,131,4,alto
10,147,15,13,0,0,146,2,medio
8,139,17,12,2,1,38,1,medio
12,102,20,13,1,0,34,2,baixo
13,111,21,12,0,1,142,1,alto
7,80,16,10,1,1,161,2,baixo
10,131,20,12,0,1,157,1,medio
13,88,10,9,0,0,155,2,alto
5,165,17,16,2,0,89,1,alto
11,161,29,16,0,0,83,1,medio
6,136,22,14,2,1,130,3,alto
5,67,6,11,1,1,29,1,alto
6,64,7,9,1,0,107,1,alto
9,77,8,10,2,1,171,1,medio
5,130,24,11,0,0,164,1,baixo
6,51,7,8,2,1,132,2,baixo
9,124,16,13,2,1,109,3,alto
6,110,21,11,1,0,81,1,baixo
8,88,14,9,1,0,97,2,medio
8,92,17,11,0,1,63,1,alto
15,100,11,13,2,1,192,3,medio
14,124,15,12,2,0,146,1,medio
14,84,8,9,1,1,128,1,medio
13,144,22,15,0,1,145,1,alto
14,156,20,17,1,0,93,3,alto
13,177,29,13,0,1,183,3,medio
11,159,17,14,0,1,31,1,alto
6,58,9,9,0,1,129,2,medio
15,67,7,9,1,1,79,1,alto
14,162,16,16,0,0,88,2,alto
13,88,17,10,0,1,92,2,medio
8,87,9,11,2,0,78,1,alto
5,77,13,10,1,0,69,2,alto
12,75,8,10,1,0,168,1,medio
10,153,19,16,1,0,166,4,medio
9,171,17,12,1,1,173,3,medio
7,161,17,15,2,0,128,1,alto
14,53,6,9,1,1,31,1,medio
10,151,28,13,0,1,136,3,medio
12,128,24,13,2,0,116,2,baixo
12,120,19,13,2,1,117,3,alto
15,107,19,12,1,1,163,3,baixo
11,83,15,11,0,0,190,2,baixo
5,163,21,17,0,0,28,4,baixo
9,198,27,17,0,1,95,2,alto
15,121,20,11,1,1,67,1,medio
6,93,16,12,1,0,114,3,medio
12,116,14,10,0,0,149,1,medio
9,123,21,13,0,0,140,3,medio
11,72,9,9,2,0,140,2,medio
7,167,21,14,0,0,178,3,medio
12,137,22,15,2,1,58,2,medio
5,172,30,12,1,1,80,3,medio
7,177,33,17,2,0,143,3,baixo
9,72,9,9,2,0,190,1,baixo
6,161,30,15,2,1,48,1,medio
8,177,35,17,1,0,92,4,baixo
12,198,19,20,1,1,50,5,alto
9,53,6,10,1,1,175,1,medio
13,154,19,15,0,1,51,3,alto
12,165,31,15,1,1,189,3,medio
14,117,12,13,0,1,68,3,alto
8,168,17,13,1,1,102,1,alto
7,135,15,16,2,0,108,1,alto
13,99,10,11,1,1,142,2,medio
12,112,17,12,0,0,28,2,baixo
13,130,16,15,1,0,198,2,medio
15,199,20,20,1,0,97,3,alto
5,151,19,14,1,0,69,1,medio
7,183,19,15,0,1,176,1,medio
15,156,15,17,0,0,143,3,alto
13,74,11,9,0,1,109,1,medio
10,90,14,10,0,1,26,1,baixo
6,198,29,16,0,1,34,2,medio
9,157,28,13,1,1,172,1,baixo
15,185,20,18,1,1,78,2,alto
10,186,23,17,0,0,87,4,baixo
15,79,15,9,0,1,196,1,baixo
8,110,21,12,1,0,176,1,baixo
14,151,30,12,0,0,175,2,baixo
8,64,12,11,0,1,58,1,medio
13,172,28,14,2,0,182,2,baixo
11,126,24,11,1,1,46,2,baixo
15,107,17,10,1,1,126,1,baixo
11,186,27,17,2,1,190,4,alto
13,72,7,11,2,1,182,1,medio
7,146,19,11,2,0,106,1,alto
7,200,40,15,2,1,74,1,medio
6,187,22,17,2,0,129,3,alto
9,66,10,11,1,0,167,1,baixo
5,70,8,9,0,0,169,1,medio
8,155,30,16,2,0,125,1,baixo
8,109,10,10,2,1,143,2,alto
11,153,20,13,2,1,173,1,medio
14,55,9,10,2,1,99,1,medio
13,132,22,14,0,0,26,1,baixo
14,196,29,17,0,0,111,2,baixo
13,74,14,9,0,0,62,2,baixo
7,179,34,16,1,0,108,1,baixo
11,50,8,8,1,1,43,1,medio
11,170,32,12,0,1,28,1,alto
9,148,15,15,1,0,39,2,medio
15,153,18,13,1,0,178,3,medio
10,116,13,13,1,0,118,2,alto
9,137,13,14,2,0,147,1,alto
5,126,15,11,1,1,141,2,medio
11,122,14,11,2,0,39,2,baixo
8,123,15,14,1,0,99,1,alto
6,104,16,12,2,1,100,3,alto
9,158,17,12,2,1,30,2,medio
6,111,20,10,0,0,114,2,medio
5,188,26,19,1,1,155,1,alto
9,149,26,14,0,1,40,3,alto
12,53,7,8,2,0,89,2,alto
10,89,14,11,0,0,166,1,baixo
14,129,18,15,0,0,117,1,alto
5,65,13,10,0,0,126,2,baixo
9,88,9,12,0,0,36,3,alto
5,81,16,12,0,1,182,3,alto
9,122,17,13,2,1,129,3,alto
9,200,32,19,1,0,198,3,baixo
14,182,18,17,1,1,107,4,alto
13,81,14,11,0,1,86,1,alto
7,152,18,14,2,0,166,2,medio
13,148,29,12,0,1,135,3,medio
9,144,18,16,1,1,100,2,alto
8,172,31,17,2,1,195,3,baixo
7,162,17,16,0,1,60,3,alto
11,51,5,9,0,0,183,1,baixo
11,176,30,18,1,0,90,1,medio
14,174,18,13,1,0,164,3,medio
9,136,13,15,2,0,43,2,alto
8,125,14,15,0,0,132,1,medio
14,123,15,15,1,0,106,2,alto
14,85,13,9,1,1,124,1,baixo
11,198,33,16,0,0,86,1,medio
14,87,11,11,1,0,186,2,baixo
5,164,17,17,1,0,75,2,alto
8,106,19,10,1,1,151,1,baixo
8,102,11,11,1,1,93,1,alto
7,155,30,16,1,0,55,3,baixo
9,128,12,13,2,1,135,2,alto
14,187,27,14,1,1,91,2,medio
10,170,25,12,0,0,174,2,baixo
7,91,17,13,2,0,139,3,baixo
15,144,19,12,1,0,154,1,baixo
12,99,9,13,0,0,98,3,alto
9,158,15,17,1,1,142,4,alto
12,68,11,10,1,1,96,1,medio
8,187,33,17,0,1,182,2,medio
9,72,13,11,0,0,179,2,baixo
6,66,9,11,0,0,131,2,medio
14,81,10,10,1,1,87,2,alto
11,73,13,11,1,1,160,1,baixo
5,173,30,12,1,0,173,3,baixo
14,76,15,11,1,1,190,2,baixo
7,164,22,15,2,0,51,2,baixo
7,163,32,13,2,1,154,2,baixo
5,114,14,10,1,0,46,2,medio
13,119,21,12,0,1,144,3,alto
5,53,5,9,2,0,76,2,alto
5,176,21,16,2,1,184,2,alto
8,106,13,12,1,1,185,3,medio
5,131,13,11,2,0,167,1,medio
6,63,11,9,1,1,39,2,baixo
13,59,6,8,2,0,157,2,medio
7,105,18,14,2,0,194,2,medio
6,87,10,11,2,0,99,1,alto
13,63,10,11,2,1,132,2,medio
13,170,28,12,1,1,146,3,alto
14,161,21,17,1,0,97,2,alto
7,70,8,11,1,0,84,1,alto
15,80,13,11,2,1,164,2,baixo
10,136,25,15,2,0,65,2,baixo
13,65,12,10,1,0,109,1,medio
7,152,16,15,1,1,193,3,alto
10,56,10,10,2,1,90,1,medio
7,129,24,13,0,0,142,2,baixo
8,164,26,14,0,0,126,2,medio
13,151,19,17,2,0,188,4,medio
15,197,20,19,1,0,99,4,alto
8,131,17,11,2,0,84,1,alto
13,197,39,18,1,0,111,3,baixo
9,80,11,10,0,1,87,1,alto
13,103,19,11,2,0,129,2,baixo
10,66,12,9,1,1,37,2,baixo
6,77,11,10,0,0,164,2,baixo
9,87,9,11,0,1,84,1,alto
14,65,8,10,0,0,181,2,medio
6,150,21,17,2,0,98,4,alto
10,112,16,11,1,1,140,1,baixo
15,77,14,11,2,1,193,1,baixo
9,162,26,12,1,0,113,1,baixo
7,57,10,9,0,1,86,1,medio
8,158,31,13,1,0,188,2,baixo
14,163,24,14,2,0,51,1,baixo
5,186,34,15,0,0,139,3,baixo
11,50,5,10,0,0,94,1,alto
8,50,6,9,1,0,34,1,medio
6,180,30,18,2,0,173,4,baixo
5,61,7,9,1,1,73,2,alto
11,86,16,9,1,0,127,1,baixo
6,78,13,9,0,1,67,2,alto
5,116,17,14,0,0,40,2,medio
15,68,11,10,0,0,145,2,baixo
7,162,27,12,2,1,78,1,baixo
11,157,15,13,0,0,175,2,medio
7,79,13,12,2,1,113,3,medio
10,122,17,15,2,0,28,1,baixo
15,183,34,13,2,0,155,2,baixo
15,103,18,12,1,0,110,1,medio
9,100,12,11,2,0,138,2,medio
11,62,11,9,0,1,145,1,baixo
5,102,13,13,1,1,62,2,alto
14,165,33,18,2,0,67,1,baixo
12,69,6,9,0,1,163,1,medio
5,184,20,16,0,0,125,2,alto
11,77,8,12,2,0,103,1,alto
8,137,20,14,1,0,45,3,baixo
5,137,22,13,1,0,64,3,baixo
6,156,16,12,2,0,102,3,alto
12,183,27,14,2,1,135,1,alto
6,160,17,13,1,0,154,2,medio
10,156,25,12,2,0,47,3,baixo
15,105,10,11,0,1,84,2,alto
5,117,23,13,0,0,200,2,baixo
9,200,23,16,1,0,140,3,medio
6,116,15,14,2,0,142,1,medio
5,73,8,9,0,1,84,2,alto
13,165,22,15,2,1,123,3,alto
15,95,10,13,0,1,166,1,medio
6,100,13,13,2,0,128,1,alto
5,198,31,16,1,1,130,1,alto
5,173,25,14,2,1,160,2,medio
9,195,35,20,2,0,136,5,medio
10,199,35,19,2,0,123,1,baixo
7,110,11,10,0,0,150,1,medio
15,88,14,12,0,0,97,1,alto
11,169,20,15,1,1,195,3,medio
15,183,27,19,0,1,117,2,medio
7,129,25,15,2,1,50,2,baixo
14,166,21,13,0,1,72,2,alto
13,90,15,10,1,1,183,1,baixo
12,90,9,10,2,0,171,1,medio
12,116,22,12,1,0,168,1,baixo
9,132,22,11,1,1,127,1,medio
10,173,22,18,0,0,151,1,medio
12,134,21,11,1,1,155,1,baixo
11,76,11,12,0,0,48,2,medio
13,139,15,16,1,0,109,4,alto
14,165,17,12,2,1,175,2,medio
6,144,17,14,0,0,181,1,medio
7,183,31,13,2,1,185,3,alto
13,94,18,13,2,1,164,2,baixo
7,62,9,9,0,0,180,1,baixo
7,167,21,14,1,1,134,1,alto
12,94,13,12,1,1,131,3,medio
9,188,24,15,1,1,182,2,medio
14,180,18,14,0,1,83,3,alto
11,109,17,14,1,1,95,2,alto
11,113,18,12,2,1,195,3,baixo
7,71,8,10,2,0,92,2,alto
7,127,23,11,0,1,112,1,alto
14,149,21,13,0,1,49,1,medio
9,113,20,10,1,0,125,2,medio
8,77,10,9,1,0,30,2,baixo
12,88,9,12,2,0,159,1,medio
9,174,34,17,1,0,68,4,baixo
12,79,10,12,1,0,129,3,alto
12,70,10,9,1,0,59,2,alto
8,68,10,10,1,1,92,1,medio
8,144,24,15,2,0,63,3,baixo
7,123,19,13,2,0,59,2,medio
6,132,25,13,2,1,119,2,medio
7,76,15,10,1,0,184,1,baixo
7,111,11,10,0,0,125,1,medio
14,93,16,13,2,1,43,3,baixo
6,63,11,9,0,1,31,2,baixo
9,138,25,11,0,0,86,2,baixo
15,90,14,10,2,0,88,2,alto
7,193,23,15,2,0,199,3,baixo
8,130,17,14,1,0,192,3,medio
8,176,18,13,1,0,198,3,baixo
11,109,12,11,0,0,118,2,alto
10,189,36,13,0,0,175,2,baixo
11,149,23,16,1,1,51,2,medio
8,100,18,12,1,1,113,1,medio
12,128,24,14,2,0,188,3,baixo
10,195,38,16,0,1,185,1,alto
15,164,20,13,0,1,132,3,alto
14,119,23,10,0,1,70,1,alto
7,63,7,10,1,0,124,1,alto
6,128,22,15,0,0,95,1,medio
6,181,22,17,0,0,154,1,medio
6,74,10,11,1,1,170,1,medio
13,155,20,16,2,0,31,4,baixo
13,116,15,13,1,1,177,3,medio
10,70,13,10,2,0,190,2,baixo
5,171,29,15,1,0,57,3,baixo
11,149,21,12,2,1,46,2,baixo
8,71,8,11,0,0,51,2,alto
6,101,16,10,2,1,104,2,medio
12,140,28,15,0,1,134,3,medio
6,187,22,17,0,0,41,3,baixo
13,180,26,15,0,0,58,2,baixo
13,138,17,15,0,1,47,1,alto
6,172,22,12,2,0,74,1,medio
13,114,13,11,2,1,158,1,medio
13,188,18,13,2,0,140,2,medio
12,186,29,17,0,0,47,4,baixo
11,113,18,10,0,1,150,2,medio
8,166,24,13,2,0,58,2,baixo
9,191,22,18,2,0,167,3,medio
9,178,24,13,1,1,151,3,medio
11,178,17,16,2,0,83,3,alto
10,184,24,15,1,0,135,3,medio
13,96,10,13,0,0,188,1,medio
15,185,26,14,0,1,154,3,medio
7,87,12,12,2,1,190,3,baixo
13,181,22,19,0,0,36,3,medio
11,77,8,9,2,1,119,2,alto
6,189,18,16,2,0,141,2,alto
6,61,8,9,0,1,171,2,medio
9,164,27,12,2,1,63,3,baixo
6,158,24,16,0,0,67,3,baixo
7,50,9,8,2,1,196,1,baixo
14,132,15,13,2,0,66,1,alto
15,180,36,18,0,0,123,4,medio
9,85,11,12,2,1,101,2,alto
8,139,15,12,2,0,155,3,medio
14,177,35,15,0,1,130,1,alto
6,117,12,10,0,1,144,2,medio
6,71,14,9,1,0,29,2,baixo
5,159,29,14,1,0,168,3,baixo
12,171,31,15,0,1,70,3,alto
14,82,13,9,0,1,170,2,baixo
13,150,24,16,2,1,39,3,medio
15,200,32,16,0,1,176,2,alto
8,118,14,10,1,1,64,2,alto
9,80,14,12,2,0,60,2,medio
9,64,6,11,0,0,180,1,medio
14,78,7,9,2,0,33,1,alto
15,158,29,15,0,0,59,3,baixo
13,134,20,13,2,0,134,3,medio
12,118,13,11,1,1,81,1,alto
5,122,18,12,1,1,112,3,medio
6,106,20,11,2,1,30,1,baixo
9,182,28,15,2,1,101,3,medio
7,174,30,13,1,1,97,1,medio
7,103,17,11,0,0,82,2,alto
9,67,8,10,2,1,42,2,medio
7,179,34,15,2,1,102,3,baixo
14,167,23,17,2,0,146,1,medio
5,167,33,16,0,0,179,1,baixo
6,80,15,9,1,0,192,1,baixo
15,199,27,18,2,0,186,2,baixo
12,172,33,13,1,0,176,1,baixo
15,70,12,10,2,0,155,1,medio
11,144,26,14,0,1,124,3,medio
11,69,7,9,2,1,185,2,medio
11,89,15,9,1,0,70,2,medio
12,177,20,15,1,0,166,3,medio
15,175,30,16,1,0,58,1,baixo
5,149,17,16,1,0,97,3,alto
10,180,25,14,0,1,189,2,medio
8,134,25,12,1,0,110,2,baixo
12,132,21,15,2,0,188,2,baixo
6,89,14,10,0,1,130,1,alto
8,141,14,16,0,0,61,2,alto
5,65,8,10,2,1,41,2,alto
15,154,28,13,2,0,173,1,baixo
9,112,14,13,0,1,191,2,alto
11,90,16,11,2,0,51,1,baixo
6,145,20,12,2,1,93,3,alto
11,167,23,18,1,1,109,3,alto
14,101,14,10,1,0,32,2,baixo
6,199,32,15,1,0,109,3,baixo
12,156,16,16,2,0,41,3,medio
7,140,14,13,2,1,87,2,alto
10,153,23,15,0,1,71,2,alto
12,118,22,12,0,1,164,1,medio
7,83,15,11,1,1,121,1,medio
8,145,14,15,0,1,102,2,alto
13,125,17,14,2,0,153,3,medio
5,108,20,11,0,1,35,1,medio
9,93,15,11,1,1,132,1,medio
5,111,13,12,0,0,89,2,alto
8,143,15,16,2,0,161,4,medio
5,135,17,11,1,0,83,1,alto
14,64,9,9,1,0,42,1,medio
15,105,13,11,0,0,59,2,alto
7,60,12,11,2,1,28,1,baixo
10,193,34,18,1,0,137,1,baixo
14,134,19,12,1,1,131,2,medio
11,116,17,11,0,0,135,1,baixo
5,105,19,14,1,1,99,2,alto
11,118,17,14,0,1,70,2,alto
12,133,13,11,0,1,63,1,alto
13,146,24,13,0,1,86,2,medio
14,70,14,10,1,0,182,2,baixo
13,103,15,10,0,1,193,2,baixo
12,151,20,16,2,0,56,4,medio
13,186,20,16,0,0,60,1,medio
5,196,37,19,1,1,159,1,medio
6,155,31,17,2,1,123,1,medio
7,189,24,15,1,1,35,2,baixo
10,147,26,12,2,1,64,3,medio
5,54,5,10,0,0,47,2,alto
6,108,14,10,1,1,132,1,medio
15,178,26,17,2,0,89,4,baixo
11,71,13,10,1,0,183,2,baixo
7,123,19,11,0,0,137,2,baixo
5,138,13,13,0,1,200,1,medio
11,97,16,13,1,0,129,2,medio
7,51,10,9,0,1,188,2,baixo
5,193,33,16,0,1,39,2,alto
14,183,21,14,0,0,141,3,medio
12,64,11,9,0,1,100,1,medio
8,181,30,15,1,0,186,2,baixo
8,156,31,17,1,1,116,4,medio
10,146,21,11,0,1,107,1,alto
10,57,11,10,2,0,148,2,baixo
5,69,9,9,1,1,37,1,baixo
11,120,19,14,0,0,113,1,medio
15,119,21,11,0,1,46,2,alto
14,83,16,10,2,1,147,1,baixo
7,157,22,13,0,0,140,3,medio
9,70,9,9,1,0,85,2,alto
5,59,8,8,2,1,127,1,baixo
9,189,25,19,1,1,38,4,medio
15,180,30,17,1,0,65,1,baixo
13,71,10,11,1,1,43,2,medio
10,171,34,14,1,1,181,1,medio
12,113,17,11,2,0,49,1,baixo
6,73,10,9,0,1,83,1,alto
13,151,18,12,1,0,178,3,baixo
12,100,20,11,2,0,38,2,baixo
10,146,23,11,1,0,90,1,baixo
13,189,21,13,1,0,94,1,alto
13,123,12,15,1,0,47,2,alto
9,114,22,11,1,1,32,1,baixo
11,189,27,16,1,0,182,3,baixo
13,123,19,14,1,1,77,1,medio
5,64,7,9,2,1,45,1,alto
12,169,16,18,0,1,192,2,medio
12,113,17,13,2,0,105,3,alto
13,86,15,11,2,0,152,2,baixo
7,123,14,13,0,1,149,2,alto
15,98,9,12,2,1,114,2,alto
11,142,16,11,1,1,50,1,medio
9,79,15,9,1,0,157,2,baixo
9,81,11,10,0,0,139,2,medio
6,149,27,13,2,1,29,2,baixo
13,91,11,13,2,0,99,1,alto
11,90,12,13,0,1,82,2,alto
6,60,8,11,1,0,26,1,baixo
10,129,23,15,0,1,26,2,medio
7,107,12,10,2,1,129,2,medio
13,113,22,10,0,1,196,2,medio
8,136,18,13,0,0,177,1,medio
7,126,19,13,1,1,156,1,baixo
11,178,17,15,2,1,42,3,alto
7,175,30,18,1,0,153,2,medio
6,118,16,12,2,0,26,3,baixo
8,104,16,11,2,1,106,2,medio
14,80,15,11,2,1,26,1,baixo
5,121,12,11,1,1,99,2,alto
11,93,10,12,0,1,148,2,medio
10,96,19,12,2,0,115,3,medio
11,75,9,9,0,1,112,1,alto
8,103,13,10,2,1,118,1,medio
9,95,15,13,2,0,178,1,baixo
15,66,8,9,1,1,141,1,medio
15,128,24,13,0,0,121,1,baixo
6,91,14,11,1,0,104,1,alto
15,145,23,16,0,0,114,3,medio
7,102,20,13,0,1,179,1,alto
8,62,11,9,2,0,182,2,medio
7,141,14,13,1,1,198,2,medio
5,85,10,10,0,1,195,2,baixo
7,136,18,13,0,1,149,3,medio
10,139,18,16,0,0,142,2,medio
15,67,11,10,2,0,150,2,medio
14,62,6,11,1,0,183,2,alto
7,143,23,13,1,0,160,3,baixo
11,60,10,11,2,1,31,1,baixo
15,104,17,10,0,1,56,2,baixo
10,136,17,15,0,1,86,1,alto
15,123,12,14,0,0,106,3,alto
8,113,16,10,0,0,180,2,baixo
13,63,12,9,2,1,55,1,baixo
13,118,19,12,0,0,46,3,baixo
12,95,18,10,2,1,57,1,baixo
11,92,17,12,2,1,183,2,medio
14,86,10,12,1,1,38,3,medio
14,147,21,13,1,1,29,1,medio
12,139,24,13,2,0,91,1,baixo
5,186,32,16,1,1,52,1,medio
14,173,22,16,2,0,141,2,medio
15,80,10,10,2,0,144,2,medio
11,81,8,9,2,1,188,1,baixo
8,147,16,16,0,1,87,2,alto
15,111,19,14,2,1,77,2,medio
13,166,25,17,2,0,139,3,medio
9,82,15,12,0,1,182,3,baixo
8,76,12,10,1,0,80,2,alto
13,200,39,20,1,0,164,1,baixo
15,98,17,13,0,0,102,2,medio
14,180,29,18,1,0,188,1,baixo
5,112,13,12,2,0,64,3,alto
10,173,32,15,1,1,92,1,medio
7,170,28,15,2,1,33,2,medio
10,62,9,10,2,1,56,2,alto
13,79,10,10,1,1,156,2,baixo
7,54,7,9,2,1,156,1,baixo
12,147,20,12,0,0,47,2,baixo
13,86,11,9,2,0,167,2,baixo
6,157,23,17,0,0,168,3,medio
12,173,30,18,0,0,151,1,baixo
9,118,19,13,0,1,40,1,alto
14,199,36,20,0,1,51,2,medio
9,181,19,15,0,1,176,3,medio
9,105,20,13,1,1,40,2,baixo
5,56,5,8,0,0,62,1,alto
12,53,5,8,0,0,104,1,alto
5,179,22,12,1,1,67,2,alto
12,138,24,11,1,0,71,2,baixo
9,161,16,17,2,0,99,3,alto
10,199,32,16,2,1,72,1,medio
7,168,21,16,0,1,131,1,alto
6,158,29,12,0,0,184,1,baixo
15,153,16,12,1,1,123,1,alto
8,69,7,11,2,1,163,2,medio
15,173,24,15,1,0,66,1,baixo
9,158,27,16,1,1,184,3,baixo
6,149,25,12,2,1,182,3,baixo
11,115,19,14,1,0,145,3,medio
12,96,19,11,1,0,38,1,baixo
13,151,28,15,2,0,196,1,baixo
6,82,9,9,0,0,107,1,alto
8,81,16,12,1,1,51,1,baixo
14,55,8,9,1,1,111,2,medio
11,200,33,17,0,0,110,4,baixo
15,77,12,9,0,1,185,1,baixo
13,195,38,19,0,0,93,2,baixo
14,105,21,10,0,1,103,2,medio
7,128,23,14,2,1,68,3,baixo
14,85,11,10,2,0,87,1,alto
14,157,17,15,0,1,181,1,alto
6,106,15,11,2,0,133,1,medio
7,90,14,11,0,1,118,1,alto
14,69,7,9,2,0,135,1,medio
8,115,15,13,2,1,199,3,medio
14,135,22,16,0,0,122,2,medio
13,177,17,17,2,0,25,2,baixo
10,62,7,9,0,0,128,2,medio
6,197,25,14,1,1,80,1,alto
9,75,9,12,2,1,81,3,alto
15,119,23,14,1,0,43,1,baixo
15,184,34,17,2,0,115,3,baixo
13,100,20,10,0,0,168,1,baixo
9,154,16,16,0,0,185,2,medio
6,128,19,12,2,0,53,3,baixo
11,122,16,14,0,1,90,3,alto
5,179,30,18,1,0,34,1,baixo
12,176,27,14,1,0,149,1,baixo
8,70,9,9,0,1,155,1,baixo
11,172,23,13,0,0,164,2,medio
15,184,19,15,1,1,72,1,alto
5,155,18,16,2,1,187,2,medio
5,164,30,15,1,1,81,2,medio
15,170,33,12,0,0,104,3,baixo
12,181,22,16,0,1,27,1,medio
8,149,22,14,1,0,57,2,medio
8,130,14,12,2,0,25,1,baixo
8,185,19,14,1,1,46,1,medio
8,116,19,13,2,0,144,1,medio
12,138,16,12,2,0,129,1,medio
12,173,21,15,0,0,67,2,medio
11,163,31,13,0,0,140,3,baixo
13,88,16,12,0,0,99,1,medio
10,160,28,13,1,1,117,2,medio
10,169,17,18,2,1,152,3,alto
7,63,12,9,0,0,179,1,baixo
10,163,28,12,2,1,189,3,medio
6,84,11,11,2,1,175,2,baixo
8,92,14,11,2,0,189,2,baixo
12,137,27,14,2,1,161,3,baixo
13,155,20,13,2,0,93,2,medio
6,200,21,13,0,0,145,2,medio
8,127,18,11,2,1,176,1,medio
12,100,10,10,0,1,118,1,alto
12,191,30,15,1,1,100,3,medio
8,141,28,13,0,0,186,1,baixo
12,87,16,11,2,0,73,1,medio
14,92,12,10,1,0,133,2,medio
14,115,14,11,0,0,156,2,medio
11,78,14,10,1,1,60,2,medio
5,61,12,11,1,1,68,1,alto
6,100,13,12,2,1,161,3,medio
15,136,25,12,0,1,115,2,medio
14,88,8,11,1,1,26,2,baixo
15,75,13,10,1,1,64,1,medio
15,59,9,10,1,0,32,1,baixo
6,108,11,10,1,0,94,1,alto
7,59,8,10,1,0,105,2,alto
14,182,34,16,2,0,37,1,baixo
5,105,15,12,2,0,189,2,baixo
15,59,6,10,0,1,136,1,medio
13,96,10,12,0,1,33,1,medio
14,150,23,15,1,0,118,2,medio
15,133,21,13,2,0,199,1,baixo
8,53,7,10,0,1,135,2,medio
9,157,18,12,2,0,27,1,baixo
13,113,20,12,2,0,139,2,baixo
13,145,15,13,0,0,29,2,baixo
8,110,15,12,1,0,191,2,baixo
7,103,12,12,0,1,57,3,alto
10,58,9,10,1,1,156,1,baixo
5,69,9,11,2,1,103,1,alto
11,83,10,9,2,0,84,1,alto
6,172,20,14,1,1,140,1,alto
7,147,16,12,2,0,115,2,alto
5,116,20,11,1,1,113,1,medio
9,104,12,11,1,0,141,1,alto
15,161,22,16,1,0,134,3,medio
15,165,24,16,0,1,60,1,alto
14,167,31,14,1,1,132,2,medio
15,120,24,13,2,0,189,1,baixo
11,113,15,11,1,1,127,2,baixo
13,171,24,13,1,0,93,3,medio
9,108,20,10,1,0,142,2,baixo
6,90,17,13,1,0,120,1,baixo
12,83,8,9,0,1,36,1,alto
7,72,12,11,2,1,151,1,baixo
12,76,9,12,2,0,61,2,alto
7,87,15,9,2,0,91,2,medio
10,152,20,12,1,0,113,3,alto
15,153,28,14,1,1,170,1,medio
13,200,20,19,2,0,149,3,alto
8,61,12,9,0,1,66,1,alto
14,91,11,11,1,0,160,1,medio
14,98,15,13,1,0,122,1,alto
15,86,8,12,2,1,44,1,alto
13,155,25,17,0,0,68,4,baixo
8,107,11,13,1,1,178,3,alto
12,142,15,14,0,0,182,2,baixo
14,90,10,13,0,1,139,2,alto
11,121,19,12,2,0,73,2,baixo
15,87,16,11,1,0,127,2,medio
12,95,14,11,1,0,197,2,baixo
8,198,32,17,2,1,188,3,medio
6,52,9,8,1,0,94,1,medio
11,132,15,11,0,1,146,2,alto
12,184,33,17,0,0,69,3,medio
8,137,20,14,2,0,62,1,medio
14,178,26,13,2,0,199,3,baixo
11,56,9,10,1,1,195,2,baixo
7,114,22,10,2,1,187,2,baixo
7,83,13,11,0,0,121,1,medio
15,127,17,11,0,1,116,2,alto
13,52,6,8,2,1,129,2,medio
9,195,27,15,2,1,150,3,alto
9,74,14,9,0,0,87,1,medio
12,77,9,10,2,1,25,2,baixo
8,113,22,14,2,1,42,1,baixo
11,113,14,12,1,1,68,2,alto
6,138,13,13,2,1,179,1,alto
11,135,26,11,1,0,161,2,baixo
7,91,13,10,1,1,159,2,baixo
13,59,7,9,1,1,146,2,medio
9,156,28,13,1,1,170,3,alto
10,54,8,8,0,1,157,1,baixo
11,129,18,14,0,1,76,3,alto
14,190,35,17,1,1,163,2,medio
11,66,8,10,2,1,133,1,medio
6,121,20,12,1,0,70,1,baixo
8,81,13,9,2,1,66,2,medio
11,175,25,15,0,0,117,3,medio
12,105,16,13,2,0,199,3,baixo
11,140,26,13,1,1,52,3,medio
5,194,22,15,1,0,197,1,baixo
14,173,18,14,0,0,199,1,baixo
8,184,32,15,2,0,35,1,baixo
14,166,29,14,2,0,155,1,baixo
8,200,27,18,1,0,176,2,baixo
14,71,12,11,1,0,139,1,medio
8,104,13,11,1,1,139,1,medio
12,108,18,10,0,0,91,2,medio
7,56,11,9,2,1,28,2,baixo
10,105,10,10,1,1,61,1,alto
11,188,21,15,1,1,156,3,alto
10,151,25,17,1,0,123,2,medio
12,178,35,18,1,1,134,2,alto
8,96,9,12,2,1,174,3,medio
12,83,14,12,0,0,111,2,medio
13,99,16,12,0,1,116,1,alto
9,68,8,11,1,0,117,2,alto
12,162,32,17,2,0,129,3,baixo
7,168,29,15,0,1,32,3,medio
10,92,9,13,0,0,55,2,alto
15,152,23,15,0,1,181,3,alto
6,114,15,12,0,0,105,1,alto
11,71,11,11,0,0,137,2,medio
15,127,24,13,1,1,87,1,baixo
5,122,23,11,0,0,69,2,baixo
14,139,18,13,0,0,122,2,medio
6,163,25,15,2,1,167,3,medio
11,155,26,14,2,0,155,3,baixo
5,105,13,12,2,1,113,2,alto
9,71,13,11,0,1,61,1,medio
9,184,24,18,1,0,58,3,medio
7,160,30,15,0,0,64,2,medio
6,54,6,8,2,0,28,1,baixo
11,101,18,10,0,0,197,2,baixo
8,118,17,10,1,1,187,1,baixo
14,195,24,16,0,0,133,2,alto
9,170,29,14,0,0,153,2,baixo
10,55,6,8,1,1,54,2,alto
5,180,33,18,2,0,86,2,baixo
8,141,15,13,1,0,136,3,medio
6,59,10,9,1,1,166,2,baixo
5,143,14,11,1,0,195,1,medio
13,195,22,17,1,1,110,2,alto
7,178,32,18,2,1,66,1,alto
15,61,7,11,2,0,186,1,medio
12,174,27,18,0,1,66,3,alto
8,136,26,13,2,0,77,2,baixo
8,200,29,16,1,1,142,2,medio
5,168,19,16,0,0,90,3,alto
11,160,32,15,2,1,36,3,baixo
13,90,16,13,2,1,91,3,medio
13,161,22,13,0,0,40,2,baixo
15,158,27,13,0,1,176,1,alto
11,170,19,15,0,1,79,1,alto
13,164,26,13,1,1,166,1,alto
13,187,24,14,1,1,30,2,medio
6,81,11,9,1,0,134,1,medio
14,104,17,10,2,1,182,2,baixo
14,123,14,14,2,0,66,2,alto
12,191,29,19,1,0,194,1,baixo
11,179,29,16,0,0,124,3,baixo
12,52,10,8,2,1,140,2,baixo
15,89,11,11,0,1,43,1,medio
10,56,5,9,2,0,195,1,medio
13,155,19,12,2,0,139,1,medio
9,164,32,16,2,0,134,4,baixo
6,125,22,14,1,1,96,1,medio
14,76,14,9,0,1,98,1,medio
7,51,10,8,0,1,183,1,baixo
11,180,24,16,2,1,191,3,alto
10,180,36,15,2,0,129,2,baixo
7,100,19,11,0,1,61,2,alto
9,174,20,18,1,0,158,3,alto
12,138,21,14,1,0,194,2,baixo
11,104,19,12,0,0,79,1,medio
13,61,7,9,0,0,146,2,medio
6,195,22,19,0,0,34,2,baixo
6,85,12,9,2,1,122,2,baixo
13,60,11,11,2,0,165,2,medio
10,85,17,9,0,1,134,1,medio
8,99,16,12,1,0,42,3,baixo
13,197,26,19,1,0,143,4,medio
10,107,14,10,2,0,185,1,baixo
6,62,9,11,1,1,189,2,medio
11,107,11,14,1,0,76,3,alto
8,80,15,12,2,1,184,3,baixo
12,169,32,18,0,1,171,3,alto
8,123,20,12,1,0,189,1,baixo
11,77,7,11,0,1,175,1,alto
7,75,11,11,2,1,50,1,medio
11,91,15,10,0,0,57,1,medio
15,151,17,16,2,1,61,3,alto
13,102,14,10,0,1,55,2,alto
8,144,28,13,0,1,124,3,alto
15,121,20,13,2,1,74,2,medio
12,194,36,13,2,1,27,2,medio
5,97,9,10,2,1,83,2,alto
8,60,8,10,1,0,128,1,medio
11,77,14,9,0,1,179,2,medio
10,96,16,12,0,0,191,2,baixo
9,56,9,8,0,1,180,2,baixo
10,69,12,10,1,1,178,1,baixo
9,195,39,14,0,0,103,1,baixo
7,102,17,13,0,1,180,3,medio
10,183,36,19,0,0,101,1,baixo
14,118,21,12,0,0,74,1,medio
13,141,22,12,2,0,62,1,baixo
5,80,16,10,2,1,195,1,baixo
7,123,13,12,2,1,191,3,baixo
8,117,19,10,0,1,196,2,medio
10,109,14,13,1,1,87,1,alto
6,161,16,16,0,1,45,3,alto
9,77,7,9,2,1,151,1,medio
7,127,25,14,0,0,52,1,baixo
13,78,7,12,1,1,138,2,alto
9,144,22,14,1,1,155,1,medio
6,165,21,15,2,1,122,2,alto
12,166,31,15,1,1,45,2,baixo
10,158,18,14,1,1,78,2,alto
8,136,22,16,0,1,174,3,medio
10,181,18,15,2,0,76,1,alto
10,73,7,11,1,0,64,2,alto
7,178,23,16,2,1,154,1,alto
11,177,22,16,0,1,60,1,medio
6,146,20,11,2,1,67,1,medio
6,167,33,17,0,0,63,1,baixo
13,169,24,18,2,1,101,3,alto
6,171,34,13,2,1,29,3,baixo
7,146,24,13,2,0,108,2,medio
12,74,9,9,0,1,81,1,alto
9,89,12,9,2,0,30,2,baixo
14,115,21,10,1,1,69,2,medio
10,66,11,9,0,1,37,2,medio
5,91,10,12,2,0,126,3,alto
6,73,10,9,2,1,166,1,baixo
5,114,15,13,1,1,187,1,medio
12,165,16,16,1,0,41,1,medio
7,173,19,15,2,0,188,1,baixo
14,93,16,11,1,0,166,2,baixo
5,84,9,12,0,1,132,2,alto
15,93,13,12,1,1,149,3,medio
8,198,32,17,2,0,193,1,baixo
13,99,19,11,0,1,118,2,alto
9,174,19,18,0,0,185,1,medio
15,93,13,12,0,1,166,1,medio
12,129,16,11,2,1,52,1,medio
11,143,18,15,2,0,136,2,alto
6,191,24,15,1,0,40,3,baixo
15,83,16,9,2,1,47,1,baixo
5,52,10,8,1,1,193,2,baixo
5,134,23,15,1,1,119,1,alto
6,98,16,12,1,1,109,2,medio
7,67,9,10,2,0,38,2,medio
13,188,29,17,0,1,54,3,medio
6,176,19,15,2,1,68,2,alto
9,187,19,18,2,1,91,3,alto
9,120,24,13,0,0,90,1,baixo
8,63,8,11,1,1,163,2,medio
9,172,31,15,0,0,162,1,baixo
7,136,13,15,2,0,26,2,medio
14,155,19,14,1,0,86,3,alto
7,184,27,15,1,1,184,3,baixo
10,76,8,11,2,1,105,2,alto
13,107,16,13,2,0,61,1,medio
6,145,18,12,2,0,141,3,medio
5,78,9,10,0,0,122,1,alto
12,136,19,11,2,0,109,1,alto
13,106,14,12,2,0,36,2,baixo
6,173,27,14,2,1,60,2,alto
5,163,26,15,2,0,84,1,baixo
14,181,23,16,0,1,97,4,medio
9,167,31,13,2,0,65,2,baixo
5,128,22,11,1,1,98,2,medio
15,170,28,13,2,0,108,1,baixo
15,156,24,12,0,0,43,2,baixo
5,182,21,18,2,0,186,3,medio
14,153,22,13,2,0,45,2,baixo
14,160,26,15,1,0,165,2,baixo
11,52,5,8,1,1,46,2,alto
7,143,19,14,2,1,144,2,medio
12,180,23,14,1,0,128,3,medio
5,160,20,13,0,0,115,1,medio
12,88,9,10,0,1,88,2,alto
10,102,20,11,0,0,43,2,baixo
11,196,27,13,0,0,123,1,medio
11,171,22,18,0,1,168,3,medio
7,178,27,14,0,1,180,1,baixo
11,54,8,8,2,0,54,1,alto
11,92,14,12,0,1,192,1,medio
9,114,14,12,2,1,68,2,alto
10,167,17,18,1,1,145,4,alto
5,87,9,12,2,0,85,3,alto
12,92,18,13,0,0,166,1,baixo
13,127,22,15,2,0,79,2,medio
10,164,29,17,1,1,151,1,medio
5,135,24,14,2,0,52,3,baixo
14,86,16,10,1,1,197,2,baixo
13,120,23,12,1,1,93,3,baixo
7,170,20,15,2,1,77,1,alto
12,179,33,14,0,1,123,2,medio
12,122,15,11,2,0,91,2,alto
5,127,25,15,2,0,100,2,medio
11,96,12,13,2,0,51,3,alto
12,153,26,17,2,1,46,2,medio
8,174,18,16,1,1,110,1,alto
12,99,17,13,1,0,38,2,baixo
7,132,16,15,2,1,108,1,alto
11,181,22,17,0,1,71,2,alto
11,62,8,9,2,0,66,1,alto
14,175,30,18,0,0,61,4,baixo
15,80,8,11,1,0,155,2,alto
7,174,25,17,0,1,118,4,medio
10,120,20,11,1,0,48,2,baixo
15,145,18,14,1,1,51,3,medio
5,61,9,9,0,0,104,1,medio
7,172,33,17,1,0,71,4,medio
7,111,13,13,2,1,127,3,alto
5,77,13,9,1,0,166,2,baixo
7,101,13,13,0,1,51,3,alto
11,102,16,10,0,1,103,1,medio
13,92,16,10,0,0,177,2,baixo
10,55,6,9,2,0,130,2,medio
9,96,14,11,1,0,127,1,medio
15,166,30,18,2,1,157,3,medio
11,69,6,9,0,1,40,1,alto
12,145,17,13,0,1,70,3,alto
8,108,17,13,0,1,99,2,alto
10,134,13,12,0,1,91,3,alto
15,158,24,16,0,0,181,4,baixo
15,83,14,9,2,0,128,1,medio
6,129,15,13,2,0,115,1,alto
11,97,9,11,0,1,56,2,alto
10,59,7,8,1,1,83,2,alto
10,123,21,15,1,1,103,2,alto
12,129,15,14,0,0,82,1,alto
8,125,16,13,2,1,84,1,alto
9,62,12,9,1,0,31,2,baixo
14,162,18,12,2,0,162,1,medio
15,61,6,11,2,0,140,2,alto
10,93,14,12,2,1,115,3,medio
5,176,24,12,0,0,37,1,baixo
6,141,28,16,2,0,181,3,baixo
14,115,14,11,1,0,51,2,medio
14,192,33,19,1,0,46,1,medio
9,56,6,10,0,1,123,2,alto
9,103,19,13,1,0,36,3,baixo
11,115,20,13,2,0,151,1,baixo
14,140,17,15,0,0,137,3,medio
5,102,19,10,1,1,188,2,baixo
12,68,7,11,0,1,51,1,alto
15,57,5,10,1,1,55,1,alto
6,52,8,9,2,1,197,2,baixo
13,169,32,13,2,0,166,1,baixo
10,103,12,10,2,0,73,1,alto
10,105,18,11,0,1,145,2,alto
5,90,16,12,1,0,48,3,baixo
10,136,27,12,1,0,138,2,baixo
12,61,9,10,2,1,180,1,baixo
12,87,8,11,1,0,28,2,medio
15,149,27,15,1,0,194,2,baixo
6,137,24,14,2,1,159,2,alto
15,90,11,10,2,1,95,1,alto
12,91,15,12,1,0,178,1,baixo
10,161,32,13,2,1,182,1,baixo
7,159,30,15,0,0,157,1,baixo
5,134,18,14,2,1,123,3,alto
11,69,6,11,2,1,77,2,alto
14,68,6,10,0,0,57,2,alto
6,181,24,13,1,0,154,3,baixo
8,77,12,12,2,0,190,1,baixo
7,140,25,16,2,0,66,2,baixo
11,61,12,11,0,1,200,2,baixo
10,181,22,16,2,1,147,3,alto
12,182,32,16,2,1,63,2,medio
15,131,16,12,1,0,189,3,baixo
9,152,15,17,2,0,155,3,alto
11,67,8,9,2,0,29,1,baixo
9,146,15,15,0,1,100,2,alto
5,104,13,10,1,1,145,1,baixo
7,87,16,12,0,0,111,3,medio
7,103,10,11,2,0,155,1,alto
11,107,20,11,1,1,127,1,medio
10,88,13,9,1,0,180,2,baixo
9,171,22,18,0,1,76,2,medio
11,157,20,17,1,1,188,4,alto
15,161,29,14,1,1,179,2,medio
5,98,11,11,1,1,65,2,alto
15,143,15,11,1,1,40,1,medio
14,167,29,18,1,0,47,3,baixo
11,104,16,13,2,0,73,3,alto
10,134,13,15,0,0,65,3,alto
13,115,15,12,2,1,83,2,alto
8,90,10,13,2,0,174,3,alto
13,171,18,16,2,0,43,3,medio
12,186,25,16,0,1,148,4,medio
14,60,8,10,0,1,26,2,baixo
12,172,27,14,2,0,134,3,medio
7,64,7,10,0,1,144,2,alto
14,149,29,13,0,0,163,2,baixo
10,116,11,11,1,0,77,2,alto
5,53,7,10,1,0,33,2,medio
9,95,9,11,0,1,149,2,alto
13,186,23,17,0,1,99,1,medio
15,164,17,12,0,1,159,3,medio
13,78,12,10,0,0,184,2,baixo
8,57,9,9,1,0,197,1,baixo
12,172,34,15,0,0,106,1,baixo
12,89,14,9,0,0,178,2,baixo
13,147,18,14,2,0,175,2,medio
12,186,30,19,0,0,30,4,medio
10,131,23,11,0,1,75,2,alto
10,62,11,11,0,0,81,1,alto
13,130,17,12,2,1,132,2,medio
9,88,14,11,2,0,87,2,alto
15,60,12,10,0,0,167,1,baixo
9,57,6,9,1,1,87,2,alto
7,129,21,14,1,0,116,2,medio
9,85,13,10,1,1,123,2,medio
8,150,20,14,1,0,180,2,baixo
6,194,22,13,2,1,60,2,alto
12,162,26,14,0,1,85,1,medio
8,148,18,15,2,0,39,1,medio
6,80,14,9,1,1,168,1,baixo
10,180,26,14,2,0,148,3,baixo
8,184,23,18,1,0,182,1,medio
14,200,27,18,2,0,85,4,medio
11,171,31,16,2,1,176,2,alto
13,88,11,10,1,1,192,1,baixo
12,104,11,11,2,1,68,1,alto
11,168,23,17,2,0,172,2,baixo
14,115,17,11,1,0,60,2,medio
8,193,31,13,1,1,145,2,medio
6,191,25,19,0,0,135,2,medio
7,168,24,17,1,1,192,2,medio
7,104,19,12,1,1,171,2,baixo
11,138,25,11,2,0,97,1,baixo
15,178,24,12,1,0,105,2,medio
5,73,8,10,2,1,188,1,baixo
5,58,10,8,0,0,158,1,baixo
9,96,14,12,2,0,52,3,medio
6,50,7,10,2,0,138,1,baixo
13,58,7,8,0,0,99,1,medio
13,105,20,14,0,0,91,2,medio
11,177,17,15,2,1,92,1,alto
14,197,27,16,1,1,151,2,alto
11,184,18,13,0,1,174,1,medio
11,92,10,12,0,1,195,1,medio
9,51,6,8,2,1,143,2,medio
8,198,21,17,2,0,117,3,alto
6,187,23,17,2,1,84,2,alto
15,71,11,9,2,1,67,1,alto
7,139,18,11,2,0,103,1,medio
13,137,19,14,2,1,78,3,alto
12,140,19,12,2,0,33,1,baixo
14,66,10,10,0,1,99,2,medio
12,164,18,15,0,1,70,1,alto
14,102,17,12,2,1,138,2,baixo
6,141,14,11,1,1,31,2,baixo
5,179,18,15,0,0,91,2,alto
13,118,15,10,1,1,91,1,alto
11,54,5,8,1,1,57,1,alto
7,86,15,12,1,1,65,2,medio
15,89,17,11,2,1,125,2,baixo
6,58,9,8,2,1,109,2,baixo
13,90,17,11,2,1,96,2,medio
14,151,19,12,1,1,38,2,baixo
12,133,24,15,1,1,75,3,medio
8,192,19,17,0,1,103,3,alto
12,121,15,12,2,0,134,1,medio
13,110,16,11,2,1,124,1,medio
5,125,18,12,0,1,116,1,alto
8,194,38,17,2,0,175,2,baixo
12,186,37,13,0,1,154,3,alto
9,149,17,11,1,1,37,2,baixo
5,89,12,12,1,0,42,2,medio
13,200,27,13,0,0,100,3,baixo
8,140,18,11,1,0,161,2,baixo
7,131,14,13,0,0,167,3,medio
7,139,25,13,2,1,166,1,medio
8,187,20,18,1,1,51,3,alto
6,101,12,12,0,1,51,1,alto
13,198,24,14,2,1,141,3,medio
13,54,6,10,0,0,116,1,alto
10,84,9,11,1,0,186,2,medio
15,140,22,16,2,1,115,2,alto
9,80,10,12,1,0,76,2,alto
12,83,15,11,1,0,25,2,baixo
11,157,31,17,2,0,113,1,baixo
11,200,36,14,0,0,181,3,baixo
15,86,11,10,2,0,97,2,alto
12,193,25,19,2,0,172,3,medio
10,129,22,12,0,0,75,3,baixo
5,182,31,19,2,0,34,1,baixo
13,51,9,8,2,1,89,1,baixo
5,140,24,11,2,1,75,1,baixo
11,171,34,14,2,1,76,3,medio
10,113,17,13,1,1,192,3,medio
6,52,5,8,2,0,77,1,alto
6,91,15,11,0,1,27,2,medio
9,75,8,9,2,1,147,1,medio
10,184,19,15,2,1,121,3,alto
13,115,16,10,1,1,46,2,medio
13,75,12,10,0,1,133,2,medio
13,144,14,14,2,1,59,1,alto
13,107,21,13,2,1,186,2,baixo
7,96,14,13,1,1,87,2,alto
8,104,13,10,2,1,107,2,alto
7,56,9,9,2,1,50,1,medio
9,121,13,12,1,1,91,1,alto
13,80,9,10,2,1,60,1,alto
5,81,11,9,0,1,87,2,alto
5,190,28,19,2,1,196,1,alto
10,165,27,17,2,0,25,4,baixo
14,81,13,11,0,0,176,1,baixo
5,84,15,11,1,1,152,1,medio
7,133,23,14,1,0,71,2,baixo
11,70,8,9,1,0,65,2,alto
9,127,12,13,1,1,141,3,alto
11,200,38,18,1,0,197,1,baixo
6,189,28,18,1,0,86,2,baixo
12,142,28,12,0,1,107,3,alto
12,170,30,17,0,1,61,2,medio
11,174,22,13,1,1,128,3,medio
5,140,21,14,2,0,193,3,baixo
9,198,36,18,2,0,127,4,baixo
6,57,5,8,2,1,115,2,alto
12,137,14,12,0,1,126,3,alto
13,110,18,12,2,1,153,1,medio
13,171,32,16,0,1,161,1,alto
10,164,32,15,2,0,58,2,baixo
15,177,17,15,0,0,156,3,medio
12,107,16,14,1,1,137,3,medio
13,145,18,13,1,1,192,2,medio
6,74,7,11,1,1,91,2,alto
8,134,22,14,0,1,104,1,alto
13,160,25,17,2,0,195,4,baixo
9,51,6,10,1,0,186,2,medio
8,188,23,18,2,1,41,1,alto
15,102,17,10,1,1,65,1,baixo
14,159,21,15,2,0,77,1,alto
15,176,31,18,2,0,130,3,baixo
13,119,16,14,2,1,100,2,alto
13,185,28,13,2,1,50,2,baixo
8,172,24,13,0,0,47,3,baixo
8,132,19,13,2,0,37,2,baixo
15,90,12,11,0,0,158,1,baixo
9,62,12,11,0,1,115,2,medio
11,142,23,12,0,0,158,1,baixo
10,98,18,11,2,1,86,1,medio
15,177,18,16,1,1,47,4,alto
6,162,18,12,1,1,148,3,alto
13,122,24,14,0,0,103,3,medio
12,149,17,12,2,0,189,1,medio
15,52,7,9,0,0,114,1,medio
14,115,21,10,1,1,164,1,baixo
6,53,6,9,2,0,128,2,medio
15,70,13,9,2,1,110,2,baixo
7,159,20,12,0,0,145,3,baixo
8,141,23,11,2,0,182,1,baixo
15,79,12,12,2,0,26,3,baixo
13,185,37,14,2,1,145,2,medio
13,145,23,15,2,1,112,3,medio
9,115,20,11,1,1,143,2,baixo
15,58,7,10,1,1,92,1,alto
8,51,9,9,2,0,156,2,baixo
7,127,16,11,2,0,61,1,medio
11,91,10,12,1,1,169,2,medio
12,176,34,15,1,0,60,1,baixo
6,170,34,12,2,1,177,2,baixo
6,90,14,10,0,0,46,1,baixo
7,71,9,9,2,1,167,2,baixo
12,104,20,10,0,0,60,1,baixo
15,58,10,10,2,1,59,2,alto
9,103,12,12,2,0,126,3,alto
10,139,17,13,1,0,154,3,alto
6,173,22,18,1,1,182,4,alto
6,199,22,17,1,1,47,2,medio
5,192,34,14,1,1,156,1,medio
11,138,27,11,0,0,64,2,baixo
12,187,27,17,2,1,177,2,alto
13,125,21,12,2,0,119,3,medio
12,127,17,14,2,1,83,3,alto
7,63,11,11,2,0,152,1,medio
6,58,8,9,2,1,105,2,medio
13,66,7,11,1,1,37,2,alto
12,164,28,13,0,0,144,2,medio
6,94,17,10,2,1,126,2,baixo
11,117,16,10,0,1,107,1,alto
14,123,17,13,2,1,185,3,medio
13,98,13,11,2,1,80,2,alto
12,195,39,15,0,0,199,3,baixo
13,115,12,14,1,0,120,1,alto
6,63,9,10,0,0,82,2,alto
8,182,32,18,2,0,83,2,baixo
11,170,31,16,1,1,177,4,baixo
14,180,24,15,1,0,180,2,baixo
8,65,10,9,2,0,144,2,medio
13,77,8,9,1,1,122,2,alto
6,185,34,16,2,0,94,1,baixo
6,176,31,16,2,1,163,1,alto
15,76,7,12,1,0,127,2,alto
8,143,25,12,0,1,148,2,medio
13,154,28,15,1,1,25,1,baixo
6,87,15,12,2,0,56,1,medio
8,186,26,17,2,0,158,3,medio
8,71,14,9,1,0,122,2,baixo
6,93,15,11,2,1,69,1,medio
13,170,25,16,2,0,179,3,baixo
9,191,22,14,0,1,58,2,alto
9,185,31,18,0,1,60,3,medio
10,91,14,12,0,1,37,2,medio
6,127,23,11,1,1,124,2,medio
7,149,21,12,2,0,119,2,medio
15,172,21,14,1,0,99,1,alto
15,163,23,14,2,0,102,1,alto
5,79,10,12,2,1,63,2,alto
14,66,7,11,2,0,35,1,alto
6,60,11,11,0,1,139,2,baixo
15,170,21,15,0,0,124,3,medio
7,142,25,16,1,0,86,3,baixo
15,91,13,11,2,0,99,2,alto
10,137,23,12,1,1,128,2,baixo
14,198,36,20,2,0,65,5,baixo
8,88,12,10,0,0,38,2,baixo
6,94,11,10,1,1,162,1,medio
13,149,14,14,0,0,83,1,alto
7,121,23,12,0,0,33,1,baixo
5,82,14,12,2,0,148,2,alto
9,195,29,16,0,0,184,3,baixo
7,193,29,14,2,1,184,2,medio
10,188,23,16,2,1,149,2,medio
10,110,12,12,2,0,190,1,medio
13,139,14,14,1,0,67,1,alto
13,117,15,13,0,0,192,3,baixo
8,54,5,8,1,1,84,2,alto
13,107,16,14,2,0,181,3,baixo
9,135,18,15,2,0,138,1,alto
11,111,21,12,1,1,52,1,baixo
5,132,20,12,1,1,111,1,medio
13,105,18,11,1,1,43,1,baixo
13,59,10,8,2,1,192,2,baixo
14,52,9,8,0,0,150,1,baixo
8,66,13,9,0,0,143,1,baixo
9,180,27,16,1,0,93,3,baixo
12,196,34,18,1,0,106,2,medio
12,91,13,11,2,0,59,2,alto
15,68,6,10,2,1,120,1,alto
14,105,20,12,0,1,104,1,medio
10,92,13,10,1,0,119,1,medio
10,132,20,12,2,1,184,1,medio
11,73,14,10,1,1,31,1,baixo
10,122,18,14,1,1,106,3,medio
12,102,15,12,0,1,62,1,alto
8,169,28,18,2,0,155,3,baixo
15,109,13,11,1,1,85,1,alto
11,101,16,13,1,0,47,1,medio
9,107,14,11,0,0,191,2,baixo
7,185,35,17,0,0,88,4,baixo
9,152,19,14,1,0,68,3,alto
6,110,18,12,0,0,174,3,baixo
12,120,19,15,0,0,66,1,medio
12,65,10,10,2,0,55,2,alto
5,134,26,15,2,1,100,2,medio
14,197,38,14,1,1,33,2,baixo
15,150,16,14,1,0,131,2,alto
14,122,23,11,1,1,88,2,medio
5,122,15,13,2,0,173,2,medio
12,80,9,10,2,0,148,1,medio
5,64,9,11,1,0,68,2,alto
15,61,6,9,0,0,117,2,alto
13,137,14,15,1,0,166,2,alto
7,161,29,15,1,0,177,3,baixo
13,81,11,9,0,1,28,2,baixo
10,171,22,18,1,0,92,4,alto
8,171,30,14,2,0,119,3,baixo
10,186,34,14,2,0,63,2,baixo
11,191,35,16,0,0,26,1,medio
12,186,18,18,2,0,90,1,alto
15,179,29,14,0,0,149,1,medio
15,157,25,14,0,0,95,1,medio
11,196,29,15,0,1,152,1,alto
7,165,29,15,2,0,113,3,medio
5,88,12,11,0,1,141,1,medio
14,175,24,17,1,0,108,3,medio
12,78,14,11,1,0,82,1,alto
15,169,20,13,1,1,198,2,medio
7,118,15,11,2,1,192,2,medio
12,70,8,10,1,1,192,2,medio
13,183,30,17,2,0,124,3,medio
10,181,32,17,0,1,176,1,medio
8,50,10,10,2,1,122,1,baixo
5,76,13,10,2,1,151,1,baixo
9,164,21,12,0,0,188,1,baixo
11,130,22,12,1,0,101,3,medio
6,72,12,10,0,1,31,1,baixo
5,94,17,10,2,1,107,1,medio
5,153,30,17,1,1,84,3,medio
8,178,27,15,2,1,55,2,alto
5,191,19,18,1,1,142,2,alto
12,89,15,9,0,0,71,1,medio
15,132,21,14,1,1,104,1,medio
12,162,30,14,2,0,178,1,baixo
7,66,11,10,0,0,125,2,medio
5,54,9,8,2,0,52,1,alto
5,100,12,13,0,1,67,2,alto
11,130,18,13,1,0,199,2,baixo
13,85,16,12,2,1,55,3,baixo
10,80,11,11,1,0,106,1,alto
14,195,22,15,0,0,111,2,medio
6,78,8,12,1,1,121,1,alto
7,109,15,12,1,1,164,2,medio
13,189,29,19,2,0,78,4,medio
9,106,21,10,2,0,95,1,medio
7,193,31,17,2,1,47,4,medio
8,53,10,10,1,0,140,1,medio
8,94,9,11,0,0,34,1,alto
12,148,18,15,0,1,181,1,alto
14,62,11,9,1,1,67,2,medio
13,50,7,8,1,0,126,2,medio
8,164,18,15,1,1,64,1,alto
10,130,19,15,1,0,158,3,medio
15,95,18,10,2,1,184,1,baixo
12,187,33,16,1,1,195,1,medio
15,128,17,11,0,0,167,1,baixo
8,162,17,15,0,1,124,3,alto
15,139,21,15,0,1,85,3,alto
12,128,22,13,2,1,122,3,medio
12,130,26,12,1,1,84,3,baixo
8,121,20,14,2,0,56,3,medio
9,130,19,11,2,0,82,2,alto
11,94,16,10,0,0,110,2,baixo
9,82,16,12,1,0,172,3,baixo
13,77,9,10,1,0,38,1,medio
10,149,17,13,2,1,76,1,alto
6,193,23,19,0,0,199,4,baixo
15,199,21,15,0,0,133,3,medio
9,169,23,13,1,0,164,1,baixo
7,124,13,15,2,0,137,1,alto
13,127,23,11,1,0,39,2,baixo
9,101,10,11,1,1,196,1,medio
9,70,9,9,2,1,101,1,medio
10,127,18,13,0,1,165,2,medio
5,155,25,15,2,1,46,1,baixo
8,124,14,11,2,0,49,1,medio
13,77,13,9,1,0,32,1,baixo
10,183,19,19,1,0,128,4,alto
13,50,10,10,0,0,60,2,alto
5,73,11,10,1,1,108,1,medio
14,141,21,11,0,1,189,2,medio
11,102,18,10,0,0,74,2,baixo
10,189,23,17,1,1,133,4,medio
6,178,30,15,2,1,106,2,alto
14,172,34,17,1,1,194,1,alto
8,90,13,13,0,0,160,1,baixo
8,138,21,12,2,0,154,1,baixo
13,190,23,19,2,0,171,1,medio
6,105,11,10,1,1,56,1,alto
6,112,18,10,2,0,170,1,baixo
8,77,11,11,0,0,41,2,medio
14,123,23,11,1,1,154,2,baixo
7,103,17,13,1,1,80,1,alto
7,120,16,13,1,1,188,1,medio
11,71,7,9,2,1,106,2,alto
5,176,34,15,1,0,149,2,baixo
7,159,26,12,1,1,74,1,baixo
12,116,17,12,0,1,148,3,medio
11,153,17,13,0,1,149,3,medio
5,173,26,15,2,1,127,2,medio
6,62,8,10,1,0,174,1,baixo
12,129,13,15,2,0,104,2,alto
9,151,15,17,1,0,119,4,alto
9,62,11,11,0,1,31,2,baixo
8,140,14,16,2,1,67,4,alto
5,165,24,18,0,1,74,2,medio
14,91,14,11,0,0,196,1,baixo
13,116,19,10,2,0,149,2,baixo
14,92,16,13,2,1,149,2,baixo
6,102,20,13,2,0,160,2,baixo
9,161,30,14,1,0,48,2,baixo
8,176,28,16,1,1,142,3,medio
10,74,13,10,1,1,127,2,baixo
14,126,14,13,0,0,110,3,alto
7,66,7,11,1,1,171,2,medio
15,172,29,18,2,0,148,4,baixo
12,85,13,9,1,1,34,2,baixo
9,113,11,11,2,1,93,1,alto
15,50,5,8,0,1,26,1,baixo
6,97,17,10,1,1,198,1,baixo
6,160,27,14,0,1,120,1,alto
8,77,9,11,0,0,35,1,medio
9,163,25,17,0,1,97,2,alto
10,120,17,13,1,1,73,2,alto
7,107,11,12,2,0,165,1,medio
5,68,6,10,2,0,70,1,alto
5,73,8,10,0,1,70,2,alto
14,152,20,14,2,1,113,1,alto
13,197,27,20,0,0,50,5,medio
13,133,19,13,2,0,25,2,baixo
15,55,6,8,0,1,154,2,baixo
9,113,12,11,2,1,71,1,alto
7,76,12,12,1,1,80,1,alto
14,108,16,12,2,0,179,2,baixo
9,51,6,10,0,1,103,2,alto
15,188,32,17,0,0,168,4,baixo
6,143,23,16,0,1,176,4,medio
5,128,13,11,1,1,144,1,medio
13,178,20,12,1,0,185,3,baixo
5,170,31,12,1,1,193,1,baixo
7,95,16,10,1,0,133,2,baixo
5,189,26,18,2,0,188,3,baixo
15,127,13,15,0,0,91,2,alto
7,152,23,15,0,0,28,1,baixo
10,58,5,8,2,1,191,1,baixo
13,133,15,14,2,0,177,3,medio
6,190,20,14,2,0,45,1,medio
12,144,24,12,1,0,162,3,baixo
14,78,8,10,2,1,197,1,baixo
14,166,24,15,2,1,85,1,medio
6,87,10,11,2,1,167,2,medio
10,191,28,18,2,1,129,3,alto
15,127,13,13,0,0,193,2,baixo
6,69,6,10,2,1,34,1,alto
15,80,15,10,2,0,86,2,alto
11,180,31,14,1,0,102,1,baixo
9,73,7,10,0,0,91,2,alto
9,94,12,10,0,0,161,1,baixo
9,102,17,10,1,1,115,2,medio
13,157,30,17,1,1,65,3,medio
10,187,21,16,0,1,110,3,medio
14,74,14,9,0,1,138,2,baixo
7,69,10,9,1,1,173,2,baixo
